id,priority,country,city,segment,clinic_name,lead_doctor,website,contact_email,phone,contact_route,email_source,services,price_point,opening_angle,fit_flag,status,date_added,date_last_contact,next_action,next_action_date,owner,notes,icp_fit,crm_detected,scale_signals,dormant_lead_signal
1,B,UK,London / Richmond / Wilmslow,Menopause,Menopause Care,Dr Naomi Potter,menopausecare.co.uk,info@menopausecare.co.uk,,email published,published on site,Menopause/HRT/BMS-accredited specialists,GBP 295 initial / 225 follow-up,"Enquiries are split across info@, bloods@, pharmacy@ and press@ - four inboxes, one patient",Larger team - may exceed 15 staff,New,2026-08-24,,Send intro email,2026-08-25,Jess,One of UK's largest menopause teams | Off-profile for the aged-leads offer (wrong vertical),off,,,
2,B,UK,London,Menopause,Menopause Clinic London,not found,menopausecliniclondon.co.uk,information@menopausecliniclondon.co.uk,020 7467 8373,email published,published in site footer - verified 20 Sep 2026,Menopause/HRT/sexual dysfunction,GBP 275 initial / 185 review,"No contact page at all - /contact and /contact-us both 404, so the only route in is an address buried in the footer",,New,2026-08-24,,Send intro email,2026-09-20,Jess,GBP 50 cancellation fee under 48h | Also hdelves@tenharleystreet.co.uk | Off-profile for the aged-leads offer (wrong vertical),off,,,
3,B,UK,Online - UK wide,Menopause,My Menopause Centre,not found,mymenopausecentre.com,hello@mymenopausecentre.com,,email published,published on site,Online menopause consults/HRT,not published in index,Full fee charged under 72h notice - a cancellation policy is what you write instead of a reminder system,,New,2026-08-24,,Send intro email,2026-08-26,Jess,Mon-Fri 9-5 only | Off-profile for the aged-leads offer (wrong vertical),off,,,
4,A,UK,London (Harley St),Private GP / Menopause,The London General Practice,not found,thelondongeneralpractice.com,info@thelondongeneralpractice.com,020 7935 1000,email published,published on site,Private GP/menopause/health screens,GBP 375 per 30min virtual; menopause initial from GBP 465,"Booking runs 24/7 online, but cancel inside 24h and the full fee is charged - the booking is automated, the refill is not",,New,2026-08-24,,Send intro email,2026-09-20,Jess,On-call team 6pm-9am | Fee verified: menopause initial from GBP 465; 48h notice requested | Off-profile for the aged-leads offer (wrong vertical),off,,,
5,B,UK,London (Marylebone),Hormone / Menopause,Hormone Health,Prof Nick Panay,hormonehealth.co.uk,info@hormonehealth.co.uk,+44 (0)808 196 1901,email published,published on contact page - verified 20 Sep 2026,Menopause/hormones/contraception/nutrition,not published - confirmed before booking,Fees are quoted manually before every booking - that is a person retyping the same answer all day,,New,2026-08-24,,Send intro email,2026-09-20,Jess,"One Welbeck, W1G 0AR | Off-profile for the aged-leads offer (wrong vertical)",off,,,
6,A,UK,London (Marylebone),Private GP / Wellness,The Wellness London,not found,thewellnesslondon.com,team@thewellnesslondon.com,020 3951 3429,email published,published on site,Private GP/menopause/TRT,GBP 59 phone / 150 video / 79 clinic; menopause year-one from GBP 1395,Homepage promises an appointment within the hour; the contact page promises a reply within 24 hours,,New,2026-08-24,,Send intro email,2026-09-20,Jess,"WhatsApp +44 7961 280835 | CORRECTED 20 Sep: the old ""1-2 hour reply"" claim is gone from the site. WhatsApp +447961280835 | Off-profile for the aged-leads offer (wrong vertical)",off,,,
7,A,UK,Brighton / online,Hormone / Menopause,The Women's Hormone Clinic,Dr Ginny Ponsford,thewomenshormoneclinic.co.uk,enquiries@thewomenshormoneclinic.co.uk,,email published,published on site,Menopause/PMDD/HRT - video only,GBP 275 initial,Their own booking page says if there is no convenient appointment send an enquiry - that is a waitlist run by inbox,,Draft ready - awaiting Jess send,2026-08-24,,Approve and send Gmail draft,2026-08-25,Jess,Off-profile for the aged-leads offer (wrong vertical),off,,,
8,A,UK,London (Wimpole St),Bioidentical hormones,Marion Gluck Clinic,Dr Marion Gluck,mariongluckclinic.com,secretary@mariongluckclinic.com,,email published,published on site,BHRT/menopause/functional medicine,GBP 360 initial / 220 follow-up,"Four published phone numbers plus secretary@, and a promise that an advisor will be in touch within 24 hours",,New,2026-08-24,,Send intro email,2026-09-20,Jess,61 Wimpole Street W1G 8AH | CORRECTED 20 Sep: rescheduling procedure is not published; booking page would not load | Off-profile for the aged-leads offer (wrong vertical),off,,,
9,A,UK,London (Harley St),Longevity,The Longevity Doctor,Dr Philip Borg,thelongevitydoctor.co.uk,,,email published,domain now redirects to theprivateclinic.co.uk - no longer an independent clinic,Longevity assessment/whole-body ultrasound/bloods,not published - packages page,DEAD - thelongevitydoctor.co.uk 302-redirects to a different company,,Disqualified,2026-08-24,,Do not contact,2026-09-20,Jess,Board-certified longevity physician | REMOVED 20 Sep: site redirects to The Private Clinic,off,,,
10,C,UK,London,Longevity,UK Longevity Clinic,not found,uklongevityclinic.co.uk,info@uklongevityclinic.co.uk,020 3773 0111,email published,published on contact page - verified 20 Sep 2026,Preventative medicine/IV therapy/anti-ageing,not published,"Their enquiry form asks for age and gender up front, then a human has to read and route every one",Thin public info,New,2026-08-24,,Send intro email,2026-09-20,Jess,Two sites incl 1 Harley St | Off-profile for the aged-leads offer (wrong vertical),off,,,
11,A,UK,Manchester (Didsbury),Longevity + aesthetics,Septre Clinicals,not found,septre-clinicals.com,Aesthetics@Septre-Clinicals.com,07469 280 989,email published,published on contact page - verified 20 Sep 2026,Doctor-led longevity medicine/advanced aesthetics,GBP 695 flagship programme,"Their GBP 695 Longevity Blueprint takes enquiries through a Google Form promising a reply within 24 hours, separate from their Pabau booking system",,Disqualified,2026-08-24,,Send intro email,2026-09-20,Jess,"115 Lapwing Lane M20 6UR | Dr Idowu Moritiwon; Pabau booking + WhatsApp widget | DOWNGRADED 23 Sep: solo practitioner, below the $100k/mo scale proxies",off,Pabau + Google Forms,"BELOW - solo practitioner (Dr Idowu Moritiwon), one clinic, no surgical menu","Longevity Blueprint enquiries land in a Google Form, outside the Pabau CRM"
12,B,UK,Manchester,Longevity / aesthetics,Projuvenate,not found,projuvenate.co.uk,frontdesk@projuvenate.co.uk,,email published,published on site,Longevity/skin/physio/aesthetic wellness,not published in index,"Their top package, Full Face Projuvenation, is GBP 5,550, and they offer Klarna monthly financing for comprehensive treatment plans",,New,2026-08-24,,Send intro email,2026-08-26,Jess,"Manchester Green, M22 5LW | Qualified 23 Sep: 8 practitioners, Zenoti, high-ticket menu + financing",a,Zenoti,"MEETS - 8 named practitioners, CQC-registered, packages to GBP 5,550, Klarna financing","Stack of free consultations (skin analysis, skincare, intimate wellness) feeding Zenoti"
13,A,UK,Online - UK wide,Functional medicine,Functional Nexus,Dr Sarah Davies,functional-nexus.co.uk,enquiries@functional-nexus.co.uk,07496 080 755,email published,published on homepage - verified 20 Sep 2026,Functional medicine/chronic fatigue/cognitive decline,GBP 995 new patient package; follow-ons from GBP 520,"Two ways in, an enquiries@ address and a mobile, both answered by the founder personally",,New,2026-08-24,,Send intro email,2026-09-20,Jess,Coordinator: Samantha Vickers | Dr Sarah Davies; no contact page | Off-profile for the aged-leads offer (wrong vertical),off,,,
14,A,UK,London (Harley St),Functional medicine,London Centre for Functional Medicine,not found,londoncfm.co.uk,info@londoncfm.co.uk,,email published,published on site,Functional medicine/gut/brain/men's health,GBP 300 one-off; GBP 950 3-month plan,Their booking page tells patients to email info@ with any questions about the process - that inbox is the front desk,,New,2026-08-24,,Send intro email,2026-09-20,Jess,1 Harley St W1G 9QD | Verified 20 Sep: booking page names info@ verbatim | Off-profile for the aged-leads offer (wrong vertical),off,,,
15,A,UK,Edinburgh,Functional medicine,Edinburgh Centre for Functional Medicine,not found,edinburghcfm.co.uk,enquiries@edinburghcfm.co.uk,,email published,published on site,Functional medicine/women's health/autoimmune/gut,GBP 285 one-off consult,New patients fill a form to request a callback - a callback queue is a list of people waiting to give you money,,Draft ready - awaiting Jess send,2026-08-24,,Approve and send Gmail draft,2026-08-25,Jess,Online consults across Scotland | Off-profile for the aged-leads offer (wrong vertical),off,,,
16,B,UK,Edinburgh / Bristol,Functional medicine,Mosaic Medical,not found,mosaic-medical.com,hello@mosaic-medical.com,0333 0903420,email published,published on contact page - verified 20 Sep 2026,Doctor-led integrative/menopause/early detection,GBP 710 early detection service,"Email, phone and a web form all land on the same small team",,New,2026-08-24,,Send intro email,2026-09-20,Jess,Mentoring arm too | Was blocked by JS before | Off-profile for the aged-leads offer (wrong vertical),off,,,
17,B,UK,Birmingham (Edgbaston),Private GP / endocrinology,Midland Health,not found,midlandhealth.co.uk,,0121 769 0999,form+phone+WhatsApp,"email present but Cloudflare-obfuscated - readable in a browser, not machine-readable",Private GP/endocrinology/hormones,GBP 49-70 referral letters; GBP 25 repeat scripts,"Two Birmingham sites answered by one form, one phone line and a WhatsApp widget",,New,2026-08-24,,Form or phone - no email route,2026-09-20,Jess,0121 769 0999 | Email visible if Jess opens the page herself | Off-profile for the aged-leads offer (wrong vertical),off,,,
18,B,UK,London (Harley St) / Salford,Longevity / internal medicine,Dr Hassan Paraiso,Dr Hassan Paraiso,drparaiso.co.uk,info@fluxmedical.co.uk,0333 335 7102,email published,published on homepage - verified 20 Sep 2026,Internal medicine/health and longevity assessment,not published - shown before payment,"Two clinics, Harley Street and Salford, run off one enquiry form and one shared address",,New,2026-08-24,,Send intro email,2026-09-20,Jess,"Solo consultant, two sites | NB trades as Flux Medical - email is on a different domain | Off-profile for the aged-leads offer (wrong vertical)",off,,,
19,C,UK,Hartlepool,Functional medicine,PVHS Private GP,not found,pvhs.org.uk,enquiry@pvhs.org.uk,,email published,published on site - verified 20 Sep 2026,Private GP/functional and integrative medicine,GBP 160 per 60min / GBP 90 per 30min,"No phone, no form, no chat - a single email address is the entire front desk",Low ticket,New,2026-08-24,,Send intro email,2026-09-20,Jess,Redirects to peterchan.org.uk; Peter Chan | Off-profile for the aged-leads offer (wrong vertical),off,,,
20,B,UK,Leeds / London,Functional medicine,Dr Indra,Dr Indra,drindra.co.uk,,07496 692137,phone only,"email present but Cloudflare-obfuscated - readable in a browser, not machine-readable",Functional medicine/private GP,GBP 250-600 per appointment; packages from GBP 1000,"No contact form at all - a mobile number and a ""Free Discovery Call"" scheduler are the only ways in",,New,2026-08-24,,Form or phone - no email route,2026-09-20,Jess,Tel 07496 692137 | Email visible if Jess opens the page herself | Off-profile for the aged-leads offer (wrong vertical),off,,,
21,B,UK,London / Devon,Functional nutrition,Wisdom Nutrition,Tom (surname not found),wisdomnutrition.co.uk,tom@wisdomnutrition.co.uk,,email published,published on site,Functional medicine/nutrigenomics/nutritional therapy,GBP 400-500 per 2h consult,"Free 20-minute intro calls for every prospect, booked and run by the practitioner himself",Solo practitioner,New,2026-08-24,,Send intro email,2026-08-27,Jess,Buckfastleigh TQ11 0DD | Off-profile for the aged-leads offer (wrong vertical),off,,,
22,A,UK,Birmingham + London,Private GP / menopause,Dr Finlay's Private Practice,Dr Alison Grimston,drfinlays.co.uk,,0121 396 1323 / 020 7871 3626,form+phone,none published - phone and online portal only (verified 20 Sep 2026),Private GP/menopause/allergy/men's health,GBP 199 initial allergy consult,"Two cities, two phone numbers, and bookings only by phone or portal - no email route at all",,New,2026-08-24,,Form or phone - no email route,2026-09-20,Jess,Harborne Rd B15 3EB | CORRECTED 20 Sep: team@ no longer published anywhere | Off-profile for the aged-leads offer (wrong vertical),off,,,
23,A,UK,Leeds,Concierge private GP,The Private Doctors,not found,theprivatedoctors.co.uk,admin@theprivatedoctors.co.uk,0113 388 6399,email published,published on site,Concierge GP/health screening/women's health,Screens GBP 695 / 895 / 2595 / 3495,"Screening packages up to GBP 3495 taken by email, phone or online booking - three channels into one admin@ inbox",,New,2026-08-24,,Send intro email,2026-09-20,Jess,52 Street Lane LS8 2ET | Verified 20 Sep: Foundation GBP 950 / Advanced GBP 2595 / Executive GBP 3495 | Off-profile for the aged-leads offer (wrong vertical),off,,,
24,A,UK,London (Harley St),Aesthetics,PHI Clinic,Dr Tapan Patel,phiclinic.com,,020 7034 5999,form+phone,none published - phone and booking form only (verified 20 Sep 2026),Injectables/lasers/skin/Endolift,"GBP 50-125 consults, redeemable against treatment",No published email at all - a phone number and a booking form are the only ways in,,New,2026-08-24,,Form or phone - no email route,2026-09-20,Jess,"Open till 8pm Wed/Thu | CORRECTED 20 Sep: info@ gone; fees now from GBP 125, Dr Patel from GBP 295; only the Endolift consult is redeemable",b,,NOT YET VERIFIED against the 22 Sep ICP,
25,A,UK,London (15 Harley St),Aesthetics,Rejuva London,Dr Lau,rejuvalondon.co.uk,enquiries@rejuvalondon.co.uk,+44 20 7637 0467,email published,published on contact page - verified 20 Sep 2026,Injectables/threads/fillers/skin,GBP 50 redeemable reservation fee,"They state they have served over 20,000 clients through word of mouth, from a single Harley Street clinic opened in 2018",,New,2026-08-24,,Send intro email,2026-09-20,Jess,"Also enquiries@rejuvalondon.co.uk | CORRECTED 20 Sep: info@ does not exist; one WhatsApp (+44 7415972345), not two; WeChat yuchimedical01 | Qualified 23 Sep: STANDOUT - 20k client database in Pabau behind a manual callback funnel",a,Pabau,"MEETS - 4 doctors, CQC-registered, Harley Street, heavy device menu","Claims 20,000+ clients served; consultations are a request form with a 24-hour callback, not a live calendar"
26,A,UK,London (101 Harley St),Aesthetics,L'Atelier Aesthetics,not found,latelieraesthetics.co.uk,info@latelieraesthetics.co.uk,020 3576 0335,email published,published on site,Skin/injectables/Sofwave/iron infusions,not published - discussed at consultation,"They run a GBP 95/month membership, the L Atelier Skin Club, giving members two treatment credits each month plus a birthday-week facial",,New,2026-08-24,,Send intro email,2026-09-20,Jess,"101 Harley St W1G 6AH | Verified 20 Sep: phone x2, email, WhatsApp, form, booking portal and Instagram DM | Qualified 23 Sep. CRM not identifiable from the page - confirm on the call",a,"UNKNOWN - own booking page, vendor not identifiable","MEETS - 5 named staff, Harley Street, full injectables + Morpheus8/CoolPeel/Bodytite, 4.9 from 325 reviews",L Atelier Skin Club at GBP 95/month gives two treatment credits monthly - credit schemes accumulate unredeemed credits and lapsed members
27,B,UK,London (Harley St),Dermatology / aesthetics,London Skin Clinic,not found,londonskinclinic.london,info@londonskinclinic.london,,email published,published on site,Dermatology/laser/lesion removal,GBP 100-350 consults,"They advertise a see and treat service, where treatment often happens during the first consultation rather than over multiple visits",,New,2026-08-24,,Send intro email,2026-08-26,Jess,"020 3916 6200 | Qualified 23 Sep: 9 surgeons across London, St Albans and Guildford, each site its own Semble calendar",a,Semble,"MEETS - 9 consultant surgeons, 3 locations, surgical menu, BAPRAS/RCS affiliated","Enquiry-led across three sites: procedure-dropdown contact form plus a pre-filled WhatsApp deep link, split across three Semble calendars"
28,A,UK,Doncaster,Men's health / TRT,Leger Clinic,Dr Douglas Savage,legerclinic.co.uk,,,ticket portal,none published - Zendesk ticket portal only (verified 20 Sep 2026),TRT/testosterone/men's hormones,GBP 149 initial; membership GBP 28/mo,"Contact has moved entirely onto a Zendesk help centre - ""Submit a request"" is the only route",,New,2026-08-24,,No email route - ticket portal only,2026-09-20,Jess,Recurring membership base = recall gold | CORRECTED 20 Sep: enquiries@ and the doctor hotmail address are both gone; the messy-inbox pitch no longer applies | Off-profile for the aged-leads offer (wrong vertical),off,,,
29,A,UK,London + Manchester,Men's health / TRT,Centre for Men's Health,not found,centreformenshealth.co.uk,info@centreformenshealth.co.uk,+44 (0)20 7486 2277,email published,published on site,TRT/ED/prostate health,GBP 295 London / 225 Manchester; GBP 245 deposit,"GBP 245 deposits and every follow-up appointment booked by ringing the office team - that is a person, not a system",,New,2026-08-24,,Send intro email,2026-09-20,Jess,020 7486 2277 | Verified 20 Sep: GBP 245 deposit confirmed; follow-ups every 2-6 months arranged by phone | Off-profile for the aged-leads offer (wrong vertical),off,,,
30,B,UK,Online - UK wide,Men's health / TRT,Balance My Hormones,not found,balancemyhormones.co.uk,enquiries@balancemyhormones.co.uk,+44 (0) 203 9003 209,email published,published on contact page - verified 20 Sep 2026,TRT/HRT/hormone optimisation,GBP 59.95 per consult; monthly TRT packages,"Four routes in - enquiries@, patients@, a WhatsApp number and a form that takes blood-test uploads",,New,2026-08-24,,Send intro email,2026-09-20,Jess,+44 203 9003 209 | Also patients@balancemyhormones.co.uk | Off-profile for the aged-leads offer (wrong vertical),off,,,
31,A,UK,London (Knightsbridge),Aesthetics + hormones,Omniya Clinic,Dr Sohere Roked / Dr Daniel Sister,omniya.co.uk,hello@omniya.co.uk,,email published,published but Cloudflare-obfuscated - CHECK IN A BROWSER before sending (20 Sep 2026),Cosmetic/hormones/private GP/male health,GBP 50 deposits; skin analysis GBP 50,"Eight named practitioners, each with different deposit rules - GBP 50 redeemable, full payment upfront, or GBP 50-150 by treatment",,New,2026-08-24,,Send intro email,2026-09-20,Jess,9am-8pm Mon-Sat | VERIFY ADDRESS: hello@ could not be read on the live page | Off-profile for the aged-leads offer (wrong vertical),off,,,
32,A,UK,Bristol (Redland),Private GP / menopause,The Lagom Clinic,Jack (surname not found),thelagom.co.uk,jack@thelagom.co.uk,,email published,published on site,Private GP/menopause/men's health/screening,GBP 125 per 30min; membership options,The published clinic email is the owner's own first name - he IS the inbox,,Draft ready - awaiting Jess send,2026-08-24,,Approve and send Gmail draft,2026-08-25,Jess,0117 987 2075 | Off-profile for the aged-leads offer (wrong vertical),off,,,
33,A,UK,Nottingham + Sutton Coldfield,Menopause,Health in Menopause,Dr Alice Duffy,healthinmenopause.co.uk,info@healthinmenopause.co.uk,,email published,published on site,Menopause/HRT/testosterone,not published - fee includes prescription,Two reception phone numbers and a one-to-two week wait for a first consult - demand is outrunning the admin,,Draft ready - awaiting Jess send,2026-08-24,,Approve and send Gmail draft,2026-08-25,Jess,"Two sites, growing | Off-profile for the aged-leads offer (wrong vertical)",off,,,
34,B,UK,Plymouth,Men's health + aesthetics,Eden Clinic,not found,edenclinic.co.uk,support@edenclinic.co.uk,,email published,published on site,TRT/private GP/aesthetics/bloods,GBP 120 per 30min GP or review,"They publish free self-screening tools, a testosterone calculator and the ADAM questionnaire, as the front door to a practice whose TRT first appointment is GBP 260",,New,2026-08-24,,Send intro email,2026-08-26,Jess,"23 Mayflower St PL1 1QJ | Qualified 23 Sep. NB only 59 Google reviews and a GBP 20 entry consult - scale is inferred, not evidenced | DOWNGRADED 24 Sep: primarily a TRT/mens-health practice, and ICP excludes hormone clinics. Aesthetics is a side menu and scale is inferred, not evidenced.",B,Aesthetic Nurse Software,"MEETS on proxies - 11 practitioners, packages to GBP 830, TRT membership, Klarna/GoCardless",Free Testosterone calculator and ADAM questionnaire as the front door - screener traffic that never books
35,B,UK,Bournemouth / Poole,Men's health / TRT,The Men's Health Clinic,Dr Robert D W Stevens,themenshealthclinic.co.uk,support@themenshealthclinic.co.uk,+44 (0)1202 091593,email published,published on contact page - verified 20 Sep 2026,TRT/female HRT/weight loss (Mounjaro),GBP 50 per 15min phone consult,"Their form has a six-way enquiry-type dropdown, which means a human is sorting the post every morning",,New,2026-08-24,,Send intro email,2026-09-20,Jess,Recurring TRT patients = recall base | Second line just for prescriptions; Semble booking | Off-profile for the aged-leads offer (wrong vertical),off,,,
36,B,UK,Bristol,Menopause,Chelvey Menopause,not found,chelveymenopause.com,enquiries@thecheley.com,,email published,published on site,Menopause/HRT/testosterone/CBT/coil fitting,not published,Their Mirena waiting list is run by emailing enquiries@ - a waiting list living in an inbox,,New,2026-08-24,,Send intro email,2026-08-26,Jess,Face-to-face Bristol + online UK | Off-profile for the aged-leads offer (wrong vertical),off,,,
37,B,UK,West Sussex / online,Menopause,NewWoman Health,not found,newwomanhealth.co.uk,info@newwomanhealth.co.uk,,email published,published on site,Online menopause/HRT/multilingual consults,varies by practitioner - not published,"Booking takes four manual steps: enquiry, then they email or SMS you times, then payment, then confirmation",,New,2026-08-24,,Send intro email,2026-08-26,Jess,Multilingual consults offered | Off-profile for the aged-leads offer (wrong vertical),off,,,
38,A,UK,London / online,Menopause,Online Menopause Centre,not found,onlinemenopausecentre.com,info@onlinemenopausecentre.com,,email published,published on site,Menopause/HRT - doctor and nurse tiers,GBP 245 / 195 initial; 165 / 125 review; 95 / 65 advisory,"Six different price points across doctors and nurses, all booked and reconciled by an office running 9-5 Mon-Fri",,Draft ready - awaiting Jess send,2026-08-24,,Approve and send Gmail draft,2026-08-25,Jess,Klarna instalments offered | Off-profile for the aged-leads offer (wrong vertical),off,,,
39,B,AU,Melbourne (Collingwood),Integrative medicine,MINT Clinic,not found,mintclinic.com.au,reception@mintclinic.com.au,,email published,published on site,Integrative medicine/GP/functional testing,not published in index,"Their own site says your message will be forwarded to the appropriate practitioner who will respond as soon as possible - no owner, no clock",,New,2026-08-24,,Send intro email,2026-08-26,Jess,"255 Wellington St, 3066 | Off-profile for the aged-leads offer (wrong vertical)",off,,,
40,A,AU,Sydney (Bondi Junction),Menopause,Menopause Treatment Clinic,Dr Sonia Verma,menopausetreatmentclinic.com.au,,02-8359 1943,form+phone,none published - form and phone only (re-checked 20 Sep 2026),Menopause/perimenopause/MHT/skin,AUD 240-450 per consult,No published email anywhere - every new patient goes through a form with no stated response time,,New,2026-08-24,,Form or phone - no email route,2026-09-20,Jess,20+ years women's health | Dr Sonia Verma; Bondi Junction | Off-profile for the aged-leads offer (wrong vertical),off,,,
41,B,AU,Sydney (Camperdown),Hormone / menopause,Sydney Hormone Clinic,not found,sydneyhormoneclinic.com.au,,(02) 9327 2566,phone only,none published - phone only (re-checked 20 Sep 2026),Perimenopause/menopause/hormones,not published,"No email and no form - the only way in is a phone answered 10am to 4pm, Monday to Friday",,New,2026-08-24,,Form or phone - no email route,2026-09-20,Jess,30 Pyrmont Bridge Rd | Dr Maree Bellamy Medical Director | Off-profile for the aged-leads offer (wrong vertical),off,,,
42,A,AU,Melbourne (East Melbourne),Women's health,Women's Health Melbourne,not found,womenshealthmelbourne.com.au,info@womenshealthmelbourne.com.au,,email published,published on site,Gynaecology/menopause/fertility/IVF/cosmetic,private billing; AUD 100 booking deposit,"They hold a AUD 100 deposit against no-shows and manage credits and refunds by hand, per patient",,New,2026-08-24,,Send intro email,2026-09-20,Jess,"(03) 9041 9082 | Verified 20 Sep: AUD 100 deposit, forfeited inside 48h, held as credit or refunded outside it | Off-profile for the aged-leads offer (wrong vertical)",off,,,
43,B,AU,Sydney / Bondi / Byron / Newcastle / Brisbane,Functional medicine,Evergreen Doctors,Dr Jasmina Dedic-Hagan,evergreendoctors.com,hello@evergreendoctors.com,(02) 8416 4654,email published,published on homepage - verified 20 Sep 2026,Functional medicine/gut health/hormones,fees rising 2026 - amounts not published,"One shared hello@ inbox for a multi-doctor practice, with bookings living in a separate system",,New,2026-08-24,,Send intro email,2026-09-20,Jess,Telehealth + in person | robots.txt blocks /contact | Off-profile for the aged-leads offer (wrong vertical),off,,,
44,B,AU,Melbourne (South Melbourne),Functional medicine,Melbourne Functional Medicine,not found,mfm.au,,1300 614 814,form+phone,none published - form and phone only (re-checked 20 Sep 2026),Functional medicine/naturopathy/longevity,structured care and per-appointment options - not published,"""Complete the form below"" is the only email route, and bookings sit in a separate system again",,New,2026-08-24,,Form or phone - no email route,2026-09-20,Jess,1300 614 814; award-winning | Off-profile for the aged-leads offer (wrong vertical),off,,,
45,B,AU,Perth / Sydney / Melbourne / Brisbane / Adelaide,Functional medicine,Advanced Functional Medicine,Dr Amy Wruck,advancedfunctionalmedicine.com.au,,1800 11 22 36,form+phone,none published - form and phone only (re-checked 20 Sep 2026),Functional and integrative medicine,AUD 185 medical review + AUD 280 case review; labs 200-1500,"Five phone numbers across four cities, and a form that promises a coordinator will be in touch with no timeframe",,New,2026-08-24,,Form or phone - no email route,2026-09-20,Jess,1800 11 22 36 | Off-profile for the aged-leads offer (wrong vertical),off,,,
46,B,AU,Melbourne / Brisbane / Adelaide / Sunshine Coast,Holistic medicine,Dr Anjana,Dr Anjana,dranjana.com,info@mhdoctors.com,(03) 9859 0652,email published,published on contact page - verified 20 Sep 2026,Holistic/functional medicine/naturopathy/FSM,in line with GP rates - 45-60min consults,The practice rebranded and the old domain now redirects - anyone emailing the old address is talking to nobody,,New,2026-08-24,,Send intro email,2026-09-20,Jess,(03) 9859 0652 | dranjana.com now redirects to Melbourne Holistic Doctors | Off-profile for the aged-leads offer (wrong vertical),off,,,
47,A,AU,Sydney,Longevity,Longevity Medicine Institute,not found,longevitymedicineinstitute.com,info@longevitymedicineinstitute.com,0434200757,email published,published on contact page - verified 20 Sep 2026,Longevity diagnostics/precision health/corporate,AUD 7000 LMI Core; annual membership,Everything routes through one patient coordinator and a 15-minute intro consult,,New,2026-08-24,,Send intro email,2026-09-20,Jess,Coordinator: Georgina | Double Bay NSW | Off-profile for the aged-leads offer (wrong vertical),off,,,
48,A,AU,Melbourne / Brisbane / Perth,Longevity,Everlab,Dr Steven Lu,everlab.com.au,support@everlab.com.au,,email published,published on site - verified 20 Sep 2026,Preventive screening/biomarkers/MRI/CGM,AUD 299 entry; up to AUD 2999/yr membership,"Onboarding is entirely self-serve, so nothing follows up the patients who buy the AUD 299 baseline and stop there",Well funded - may exceed 15 staff,New,2026-08-24,,Send intro email,2026-09-20,Jess,"Raised AUD 15m+ | CORRECTED 20 Sep: no care manager sends payment links by hand; info@ not published. Baseline AUD 299, Diagnostics AUD 900, Protocol AUD 2700 | Off-profile for the aged-leads offer (wrong vertical)",off,,,
49,A,AU,Melbourne + Sydney,Longevity,HealthScreen,not found,healthscreen.com.au,admin@healthscreen.com.au,1300 03 1300,email published,published on contact page - verified 20 Sep 2026,Full body health check/MRI/longevity clinic,AUD 3500 standard; AUD 5900 platinum,Their contact page offers a callback booking - a queue of people who have already decided to spend money,,New,2026-08-24,,Send intro email,2026-09-20,Jess,1300 03 1300 | Dr David Badov Medical Director; HubSpot scheduler | Off-profile for the aged-leads offer (wrong vertical),off,,,
50,B,AU,Sydney / Melbourne / Brisbane / Canberra / Perth,Executive health,Life First by Altius,Dr Andrew Pearson,lifefirstassessment.com.au,,1300 631 366,form+phone,none published - callback form and phone only (re-checked 20 Sep 2026),Health assessments/longevity programs,AUD 955 health and lifestyle program,The only way to reach them is to request a call back and wait,Multi-site group,New,2026-08-24,,Form or phone - no email route,2026-09-20,Jess,Not Medicare rebatable | Dr Andrew Pearson | Off-profile for the aged-leads offer (wrong vertical),off,,,
51,A,AU,Sydney (Balmain) + Melbourne,Medical aesthetics,Suede Clinic,not found,suedeclinic.com.au,info@suedeclinic.com.au,,email published,published on site,Medical aesthetics/skin/PRP/wellness,free 15min consult; AUD 250 no-show fee,"They run three clinics across Melbourne and Sydney, but the $28/week Skin Club membership is available exclusively at the Balmain clinic",,New,2026-08-24,,Send intro email,2026-09-20,Jess,Skin Club membership AUD 28/wk | Verified 20 Sep: AUD 250 no-show fee plus AUD 100 cancellation inside 48h | Qualified 23 Sep: two of three locations have no recurring-revenue programme,a,book-now.at (vendor unconfirmed) + payleadr for memberships,"MEETS - 3 locations across Melbourne and Sydney, 9+ named team",Free 15-minute video consultation as standard entry; Skin Club signup facial expires if unredeemed in the first month
52,B,AU,Gold Coast (Bundall) + Brisbane (Hawthorne),Cosmetic / plastics,Esteem Clinic,Dr Terrence Scamp,esteemclinic.com.au,,,unknown,could not verify - contact page blocks automated access,Injectables/skin/anti-ageing/plastic surgery,complimentary consults; AUD 100 off first visit,Contact page could not be read - needs a manual look before contacting,,New,2026-08-24,,Check contact page manually,2026-09-20,Jess,1300 693 783 | Dr Terrence Scamp; check esteemclinic.com.au/contact-us/ by hand,b,,NOT YET VERIFIED against the 22 Sep ICP,
53,B,AU,Perth (Claremont + CBD),Women's health,The Claremont Clinic,not found,claremontclinic.com.au,admin@claremontclinic.com.au,(08) 9217 6000,email published,published on contact page - verified 20 Sep 2026,Women's health/menopause/PCOS/contraception,not published,"Two practices, two admin@ inboxes and two phone numbers, with no form to route anything",,New,2026-08-24,,Send intro email,2026-09-20,Jess,(08) 9217 6000 / 6216 7800 | Also admin@gpsontheterrace.com.au | Off-profile for the aged-leads offer (wrong vertical),off,,,
54,B,AU,Perth,Menopause,Hermona Health,Dr Anna (surname not found),hermonahealth.com.au,info@hermonahealth.com.au,(08) 9300 1435,email published,published on contact page - verified 20 Sep 2026,Menopause/perimenopause/women's health,same price telehealth and face to face,"Email and two phone numbers published, with bookings handed off to HotDoc - three systems, one patient",Solo founder,New,2026-08-24,,Send intro email,2026-09-20,Jess,Off-profile for the aged-leads offer (wrong vertical),off,,,
55,A,AU,Perth,Integrative medicine,Remede Wellness Medicine,not found,remede.com.au,reception@remede.com.au,,email published,published on site,Integrative GP/women's health/cognitive health,AUD 380-420 initial; AUD 150-320 follow-up,"Multiple practitioners, optional complimentary discovery calls and a single reception line on (08) 9286 1166",,Draft ready - awaiting Jess send,2026-08-24,,Approve and send Gmail draft,2026-08-25,Jess,Also julia@remede.com.au | Off-profile for the aged-leads offer (wrong vertical),off,,,
56,A,AU,Brisbane (Fortitude Valley),Menopause,Brisbane Menopause Clinic,Dr Rachel Wiper,brisbanemenopauseclinic.com.au,admin@brisbanemenopauseclinic.com.au,,email published,published on site,Perimenopause/menopause/contraception/IUD,AUD 460 per 60min+ consult (gap AUD 257),"A AUD 460 consultation, a solo doctor, and a 50% fee for cancellations inside 24 hours - the penalty exists because the reminders do not",,Draft ready - awaiting Jess send,2026-08-24,,Approve and send Gmail draft,2026-08-25,Jess,Strong first-email candidate | Off-profile for the aged-leads offer (wrong vertical),off,,,
57,A,AU,Brisbane (Kenmore),Menopause,Harmonia Women's Health,not found,harmoniawomenshealth.com.au,hello@harmoniawh.com.au,,email published,published on site,Specialist menopause and perimenopause care,AUD 250 per 20-30min (rebate AUD 82),Appointments are released once a month and patients are told to keep checking back for cancellations - that is a waitlist with no automation,,Draft ready - awaiting Jess send,2026-08-24,,Approve and send Gmail draft,2026-08-25,Jess,Demand exceeds capacity | Off-profile for the aged-leads offer (wrong vertical),off,,,
58,A,AU,Brisbane,Women's health,Sirona Women's Health,not found,sironawomenshealth.com.au,reception@sironawh.com.au,,email published,published on site,Menopause/women's health/weight loss,AUD 300 new / AUD 205 existing (weight loss),They publish an email but tell patients to ring for bookings and follow-ups - they are actively steering people off the channel that scales,,Draft ready - awaiting Jess send,2026-08-24,,Approve and send Gmail draft,2026-08-25,Jess,All-female GPs | Off-profile for the aged-leads offer (wrong vertical),off,,,
59,B,AU,Brisbane,Women's health / fertility,Eve Health,A/Prof Anusch Yazdani,evehealth.com.au,,(07) 3332 1999,form+phone,"emails present but Cloudflare-obfuscated - readable in a browser, not machine-readable",Obstetrics/fertility/gynaecology/menopause,varies - gap payable at consultation,Their enquiry form makes patients pick a category before they can even ask a question,Larger specialist group,New,2026-08-24,,Form or phone - no email route,2026-09-20,Jess,At least three addresses on /referrer-resources; visible in a browser | Off-profile for the aged-leads offer (wrong vertical),off,,,
60,B,AU,Brisbane (inner north),General practice,Family Doctors Plus,not found,familydoctorsplus.com.au,pmf@familydoctorsplus.com.au,,email published,published on site,GP/women's health/menopause/allied health,standard consultation fees - not published,"Open seven days across multiple suburbs with allied health on site - lots of appointments, no visible recall system",Mixed billing,New,2026-08-24,,Send intro email,2026-08-27,Jess,07 3357 8192 | Off-profile for the aged-leads offer (wrong vertical),off,,,
61,C,AU,Brisbane (Keperra),General practice,The Keperra Clinic,not found,thekeperraclinic.com.au,reception@thekeperraclinic.com.au,07 3523 4845,email published,published on homepage - verified 20 Sep 2026,GP/women's health/menopause,AUD 110-120 standard consult,After hours they hand patients to an external doctor service - those calls never come back as bookings,Lower ticket,New,2026-08-24,,Send intro email,2026-09-20,Jess,07 3523 4845 | HotDoc booking | Off-profile for the aged-leads offer (wrong vertical),off,,,
62,A,AU,Sydney (Mosman),Integrative medicine,Mosman Integrative Medicine,Dr Mark Donohoe,mimpractice.com,pm@mimpractice.com,+61 2 9960-5755,email published,published on contact page - verified 20 Sep 2026,Integrative/functional/environmental medicine,AUD 800 initial (90min); AUD 400 follow-up,"Their contact page says ""our practice receives many emails a day"" and asks people to use a form instead",,New,2026-08-24,,Send intro email,2026-09-20,Jess,Fast Track package AUD 1000 | Also mimbloom@icloud.com | Off-profile for the aged-leads offer (wrong vertical),off,,,
63,A,AU,Sydney (Macquarie Park),Functional medicine,Sydney Functional Medicine,Dr Ritoo Chhabra,sydneyfunctionalmedicine.com,,(02) 9888 9294,form+phone,none published - form and phone only (re-checked 20 Sep 2026),Functional and metabolic medicine,AUD 450 initial; AUD 250-350 follow-up,"Their contact page literally says ""to send us an email fill in the contact form below""",,New,2026-08-24,,Form or phone - no email route,2026-09-20,Jess,AUD 35 fee for scripts outside consults | Dr Ritoo Chhabra; two sites | Off-profile for the aged-leads offer (wrong vertical),off,,,
64,B,AU,Melbourne (East Melb / Mount Waverley),Gynaecology / menopause,Create Health,not found,create-health.com.au,info@create-health.com.au,(03) 9873 6767,email published,published on contact page - verified 20 Sep 2026,Gynaecology/obstetrics/fertility/menopause,AUD 220-260 fertility consult,Eleven named practitioners sharing one info@ inbox and one enquiry form,Specialist group,New,2026-08-24,,Send intro email,2026-09-20,Jess,03 9873 6767 | 10 doctors + midwife named on site | Off-profile for the aged-leads offer (wrong vertical),off,,,
65,C,AU,National telehealth,Menopause,Australian Menopause Centre,not found,menopausecentre.com.au,,1300 883 405,form+phone,none published - callback form and phone only (re-checked 20 Sep 2026),Telehealth menopause/HRT/supplements,free first consult; AUD 99/month program,"""Request a call back"" is the only route in - no email, no chat",Large - likely 50+ staff,New,2026-08-24,,Form or phone - no email route,2026-09-20,Jess,1300 883 405 | Off-profile for the aged-leads offer (wrong vertical),off,,,
66,A,AU,Melbourne (Sth Melb / Malvern / Sth Yarra / CBD),Cosmetic medicine,Dr Green Cosmetic Group,Dr Eugene Green,drgreencosmeticgroup.com.au,contact@drgreencosmeticgroup.com.au,0405 004 888,email published,published on site,Injectables/threads/collagen stimulators/skin,thread lifts from AUD 2500; consult fees vary,"Their booking runs on Nookal, an allied-health practice system rather than an aesthetics CRM, while the clinic sells thread lifts, HIFU and fat freezing",,New,2026-08-24,,Send intro email,2026-09-20,Jess,"Dr Green assesses personally | CORRECTED 20 Sep: one location (South Melbourne), not four | Qualified 23 Sep. Single site, so $100k/mo is plausible but not evidenced",a,Nookal,"MEETS on proxies - 3 practitioners, thread lifts/HIFU/fat freezing, finance options, separate retail store","Callback-request form plus a newsletter opt-in, alongside a Nookal database and a separate e-commerce store - three disconnected pools"
67,B,AU,Melbourne CBD,Cosmetic / laser,Collins Cosmetic Clinic,not found,collinscosmeticclinic.com.au,contact@collinscosmeticclinic.com.au,,email published,published on site,Laser/skin/injectables/anti-wrinkle,AUD 70 skin analysis (redeemable); AUD 50 no-show fee,They run four cosmetic doctors plus three dermal clinicians and two nurses out of a single Collins Street suite,,New,2026-08-24,,Send intro email,2026-08-26,Jess,"45 Collins St | Qualified 23 Sep: Timely, 9 staff, one site",a,Timely,"MEETS - 9 named staff at one Collins St site: 4 doctors, 3 dermal clinicians, 2 nurses; full device menu","A standing ""Start With a Skin Consultation"" entry page plus a contact form and gift vouchers, collecting consult enquiries with no visible nurture"
68,B,AU,Melbourne (Ivanhoe + Diamond Creek),Skin cancer / aesthetics,The Skin Doctor,Dr Chris / Dr Mais Ali,theskindoctor.melbourne,,(03) 8373 4646,phone only,none published - phone only (re-checked 20 Sep 2026),Skin cancer checks/aesthetics/laser,AUD 99.95 short review; AUD 312-503 full check,"Two clinics covered by a single phone number, with no email or form anywhere on the site",,New,2026-08-24,,Form or phone - no email route,2026-09-20,Jess,(03) 8373 4646 | Dr Christopher Irwin founder,b,,NOT YET VERIFIED against the 22 Sep ICP,
69,B,AU,Melbourne (Armadale),Cosmetic medicine,CSD Clinics,not found,cdc-clinics.com.au,info@csdclinics.com.au,,email published,published on site,Injectables/hair transplant/laser/dermatology,"AUD 50 consult, redeemable","They have been operating for nine years from a single Armadale clinic open seven days a week, with two of their four nurse injectors currently on maternity leave",,New,2026-08-24,,Send intro email,2026-08-26,Jess,03 9090 0099 | Qualified 23 Sep. SITE DOMAIN IS cdc-clinics.com.au - csdclinics.com.au has a broken TLS cert. Email is still info@csdclinics.com.au,a,Zenoti,"MEETS - 3 doctors + 4 nurse injectors, open 7 days, 9 years trading, separate e-commerce store","A free consultation offered on the contact page while the booking page prices a $50 doctor-led consult - two funnels in parallel, plus a newsletter list and a 9-year Zenoti database"
70,B,AU,Melbourne (Camberwell),Cosmetic medicine,Dr Jodie,Dr Jodie (surname not found),dr-jodie.com.au,info@dr-jodie.com.au,0422 232 067,email published,published on contact page - verified 20 Sep 2026,Injectables/threads/skin quality,"AUD 100-150 booking fees, redeemable","Dr Jodie Silleri is billed as a national clinical trainer with over 15 years in aesthetic medicine, and the clinic shows 5.0 from 186 Google reviews",Solo doctor,Disqualified,2026-08-24,,Send intro email,2026-09-20,Jess,"48h cancellation policy | Dr Jodie | DOWNGRADED 23 Sep: two practitioners, one site, below the scale proxies",off,UNKNOWN - booking hosted on their own page,"BELOW - two practitioners, one site, no surgical or body work, no memberships","Redeemable booking fees ($225 new patient, $150 existing) - a deposit-gated consult list"
71,C,AU,Melbourne + Geelong (6 sites),Skin / laser,The Skin Boutique,not found,theskinboutique.com.au,sxlane@theskinboutique.com.au,03 9650 3111,email published,published on location page - verified 20 Sep 2026,Laser/skin/dermal fillers/hair removal,complimentary consults; AUD 50 deposit,"They run eight Victorian clinics, Armadale through to Geelong and Mount Eliza, off a single Zenoti webstore",Retail chain - likely 30+ staff,New,2026-08-24,,Send intro email,2026-09-20,Jess,CBD address only; group form at /pages/enquiry | Qualified 23 Sep: 8 locations. NB no practitioner names or headcount published - scale rests on the site count,a,Zenoti,"MEETS - eight Victorian locations on one Zenoti webstore; dermal therapists, nurses and doctors (no headcount published)","A multi-site Zenoti database with retail skincare and ZipPay, but no loyalty scheme, nurture or waitlist published anywhere on the site"
72,B,AU,Sydney CBD + Melbourne CBD,Medical aesthetics,M1 Med Beauty,not found,m1-beauty.com.au,info@m1-beauty.com.au,,email published,published on site,Injectables/skin boosters/hyperhidrosis,free doctor consults; lip fillers from AUD 299,"They state that every consultation is free with no obligation, while running four AHPRA-registered cosmetic doctors across Sydney and Melbourne CBD",,New,2026-08-24,,Send intro email,2026-08-26,Jess,+61 406 215 502 | Qualified 23 Sep. CRM not identifiable from the page - confirm on the call,a,UNKNOWN - booking hosted on their own page,"MEETS - two CBD locations (Sydney and Melbourne), 4 named AHPRA-registered cosmetic doctors","Every consultation is free with no obligation, across two CBD clinics, and a Facebook pixel is firing - paid traffic into a free-consult funnel"
73,B,AU,Perth (Subiaco),Aesthetics,SKYN,not found,skyn.com.au,,08 9389 9022,phone only,none published - phone only (re-checked 20 Sep 2026),Skin/laser/thread lifts/women's health,AUD 75 dermal / 100 nurse / 150-350 doctor consults,"Every call to action is ""book a consultation"" - there is no way to simply ask a question",,New,2026-08-24,,Form or phone - no email route,2026-09-20,Jess,"08 9389 9022 | Catherine Lee, Founder & Director",b,,NOT YET VERIFIED against the 22 Sep ICP,
74,B,AU,Canberra (Turner ACT),Cosmetic medicine,Why Aesthetics,Dr Maria Comyns,whyaesthetics.com,info@whyaesthetics.com,02 6257 1814,email published,published on contact page - verified 20 Sep 2026,Facial aesthetics/skin health/skincare,consult fee redeemable - amount not published,"Every service requires an initial consultation with Dr Maria Comyns, and the consultation fee can be redeemed against future service or skincare",Solo doctor,Disqualified,2026-08-24,,Send intro email,2026-09-20,Jess,"McKay Gardens Professional Centre | Dr Maria Comyns; Cliniko booking | DOWNGRADED 23 Sep: solo practitioner, below the scale proxies",off,Cliniko,"BELOW - one site, one named practitioner, no team page, no surgical menu","Consultation fee redeemable against future service or skincare, plus $100/$200 gift vouchers"
75,A,AU,Perth,Skin / cosmetic,Everything Skin by Dr Salon,Dr Tammy (surname not found),drsalon.com.au,booking@drsalon.com.au,,email published,published on site,Skin consults/cosmetic/laser/HIFU,AUD 105 skin consult (rebate available); treatments to AUD 3000,Their published address is booking@ - the entire front of house is one inbox,,Draft ready - awaiting Jess send,2026-08-24,,Approve and send Gmail draft,2026-08-25,Jess,(08) 9200 5880,b,,NOT YET VERIFIED against the 22 Sep ICP,
76,B,AU,Canberra,Cosmetic medicine,InLine Clinics,Dr Jung,inlineclinics.com,info@inlineclinics.com,0426 663 437,email published,published on contact page - verified 20 Sep 2026,Injectables/laser/Rejuran/thread lifts,complimentary consultation,"Dr Jung personally performs every treatment at the single Deakin clinic, while the menu runs to more than twenty services including thread lifts, HIFU and exosomes",,New,2026-08-24,,Send intro email,2026-09-20,Jess,"Doctor-led, single practitioner | Dr Jung | Qualified 23 Sep as B: high-ticket menu but one doctor caps throughput",b,Timely,"UNCLEAR - one doctor performing all treatments at one site, but a 20+ item high-ticket menu",Complimentary consultation with the clinic manager plus an enquiry form with a consent checkbox promising a reply in 24-48h
77,A,AU,Adelaide,Cosmetic medicine,Advanced Cosmetic Medicine,not found,advancedcosmeticmedicine.com.au,info@advancedcosmeticmedicine.com.au,(08) 8239 0431,email published,published in site terms - not on the contact page (verified 20 Sep 2026),Injectables/dermatology/hair transplant/laser,AUD 100 doctor consult (waived with same-day treatment),"They employ a dedicated social media and marketing manager and launched a second hair-restoration brand, StranDr, in 2024 alongside the Kent Town clinic",,New,2026-08-24,,Send intro email,2026-09-20,Jess,0403 690 031 | Verified 20 Sep: AUD 100 consult waived with same-day treatment. NB address appears in T&Cs only | Qualified 23 Sep as B: high-ticket hair restoration is a plausible driver but scale is not evidenced,b,Shortcuts Software,"UNCLEAR - 2 clinical practitioners plus support at one site, and a second hair-restoration brand (StranDr, 2024)","Site-wide consultation CTA driven by an in-house marketing manager, with no visible follow-up sequence"
78,A,AU,Adelaide + Glenelg + mobile,Medical aesthetics,Medicine of Cosmetics,not found,medicineofcosmetics.com,enquiries@medicineofcosmetics.com,(08) 8132 0342,email published,published on contact page - verified 20 Sep 2026,Injectables/skin health/laser/memberships,complimentary consults; memberships from AUD 34/wk,They run three fixed South Australian clinics plus more than thirty mobile locations across SA and NSW with a seventeen-person team,,New,2026-08-24,,Send intro email,2026-09-20,Jess,Mobile clinic service too | CORRECTED 20 Sep: manager@ does not exist | Qualified 23 Sep: best dormant-list depth in the AU set,a,Timely,"MEETS - 17 named staff incl 8 RNs and a doctor, 3 fixed SA clinics plus 30+ mobile locations, memberships from $34/wk, Zip/Afterpay/Payright","STRONGEST - a loyalty rewards programme, a member-only shop and a weekly membership tier all sitting on one Timely database, so lapsed members and lapsed mobile clients are both traceable"
79,B,AU,Adelaide,Medical aesthetics,W Medical Aesthetics,Dr Kee Sing Wong,wmedicalaesthetics.com.au,,08 8318 3588,form+phone,"email present but Cloudflare-obfuscated - readable in a browser, not machine-readable",Doctor-led injectables and facial aesthetics,depends on assessment - explained before proceeding,"They ask patients to ""contact us by email or SMS"" but the address only renders for a real browser",Solo doctor,New,2026-08-24,,Form or phone - no email route,2026-09-20,Jess,FACCSM | Dr Kee Sing Wong; non-refundable deposits,b,,NOT YET VERIFIED against the 22 Sep ICP,
80,B,AU,Adelaide,Cosmetic / laser,Adelaide Cosmetic Medicine & Laser,not found,acml.com.au,info@acml.com.au,08 8275 6049,email published,published on contact page - verified 20 Sep 2026,Cosmetic medicine/laser/skin therapy,AUD 65 and AUD 55 redeemable consult fees,"They charge a $65 consultation fee redeemable against any treatment, and offer truSculpt body contouring and Tixel2 alongside injectables",,Disqualified,2026-08-24,,Send intro email,2026-09-20,Jess,"24h cancellation policy | DOWNGRADED 23 Sep: two practitioners, one site, below the scale proxies",off,Cliniko,"BELOW - one site, two practitioners, no memberships or payment plans","$65 consultation fee redeemable against any treatment, plus gift certificates - unconverted consults and unredeemed vouchers in Cliniko"
81,A,UK,"St John's Wood, London",Plastic surgery,Karidis Clinic,"Mr Alex Karidis (consultant plastic surgeon, Medical Director)",karidis.co.uk,enquiries@karidis.co.uk,0207 432 8727,email published,read off their own page - verified 23 Sep 2026,Plastic surgery,,They staff a human callback desk for cold enquiries - prospects are invited to schedule a callback with a patient liaison advisor about any surgical procedure,,New,2026-09-23,,Draft aged-leads intro,2026-09-23,Jess,Email + Pabau booking both read off karidis.co.uk/contact/ on 23 Sep 2026,A,Pabau,"Full surgical menu (facelift, rhinoplasty, blepharoplasty, breast aug/reduction/uplift, tummy tuck, liposuction) delivered by a named surgeon plus a team of nurses, operating out of the Hospital of St John and St Elizabeth NW8",Complimentary phone consultation bookable online plus a patient-liaison callback queue - a steady inbound stream of enquirers who never convert to surgery
82,A,UK,"Marylebone & Knightsbridge, London + Loughton, Essex",Med spa / aesthetics,Dr MediSpa,Dr Munir Somji,drmedispa.com,hello@drmedispa.com,020 8418 0362,email published,read off their own page - verified 23 Sep 2026,Med spa / aesthetics,,"They take deposits to secure appointments and run virtual skin consultations, so they are already capturing far more enquiries than they book",,New,2026-09-23,,Draft aged-leads intro,2026-09-23,Jess,Email read off drmedispa.com/dr-medispa/ on 23 Sep 2026,A,Pabau,"Three clinics (59 Chiltern St W1U, 18 Beauchamp Place SW3, 8 Forest Rd Loughton IG10) with a high-ticket device and injectable menu - EMERALD laser fat loss, XERF, AgeJET, EMFace, full injectables","Gift vouchers, a Refer A Friend programme, and virtual skin consultations - three separate lists of people who raised a hand once"
83,A,UK,"Richmond & Belgravia, London",Med spa / aesthetics,Bodyvie Medi-Clinic,"Dr Andrew Weber (Medical Director, GMC 2693226)",bodyvie.com,info@bodyvie.co.uk,020 7100 0744,email published,read off their own page - verified 23 Sep 2026,Med spa / aesthetics,,"They have been going since 1999 and claim 200,000+ satisfied patients - a 27-year database that is almost certainly not being re-marketed",,New,2026-09-23,,Draft aged-leads intro,2026-09-23,Jess,Email read off bodyvie.com/contact-us/ on 23 Sep 2026 | Strongest of the 23 Sep batch,A,Pabau,"Two clinics (Kew Rd Richmond TW9 and W Halkin St SW1X) with five named clinicians including a cosmetic surgeon, and a surgical menu - upper/lower blepharoplasty, thread lifts, Endolift","Gift vouchers, Refer a Friend, and 0% finance via Chrysalis Finance - a finance-application list is a classic pile of warm-but-unconverted leads"
84,A,UK,"Greenwich, London",Med spa / aesthetics,Nova Aesthetic Clinic & MediSpa,Dr Luke Simmonds,novaclinic.co.uk,info@novaclinic.co.uk,020 8293 1070,email published,read off their own page - verified 23 Sep 2026,Med spa / aesthetics,,"They run a VIP membership alongside a first-treatment discount, so they already hold both a member list and a lapsed-first-timer list",,New,2026-09-23,,Draft aged-leads intro,2026-09-23,Jess,Email read off novaclinic.co.uk/our-team/ on 23 Sep 2026,A,Pabau,"Eight named staff at 3 College Approach SE10, high-ticket body and face menu - EmSculpt NEO, EmTone, CoolShaping 2, Lanluma, Endolift, Ultraformer 3 HIFU - on top of full injectables",A VIP membership programme plus a 10% off your first treatment offer - the first-treatment discount specifically generates one-and-done patients
85,A,UK,"Greenhithe, Kent",Med spa / aesthetics,Elite Aesthetics,"Dr Shirin Lakhani (Founder, GMC 4634863)",elite-aesthetics.co.uk,info@elite-aesthetics.co.uk,01322 381 205,email published,read off their own page - verified 23 Sep 2026,Med spa / aesthetics,,"Their referral form collects referred friends phone and email and pays both sides GBP 25 - they are already accumulating named, opted-in leads with no automated way to follow them up",,New,2026-09-23,,Draft aged-leads intro,2026-09-23,Jess,Email read off elite-aesthetics.co.uk/contacts/ on 23 Sep 2026,A,Pabau,"CQC-registered clinic at Grove House DA9 with multiple practitioners, 0% finance, and a high-ticket menu - Morpheus 8, MINT PDO threads, Vampire Facial, P-Shot","A formal referral scheme paying GBP 25 off to both sides, captured via an online form that collects the friend phone and email"
86,A,UK,"Royal Tunbridge Wells, Kent",Med spa / aesthetics,rtwskin,Dr Nina Sheffield (MD BSc),rtwskin.co.uk,support@rtwskin.co.uk,01892 22 22 22,email published,read off their own page - verified 23 Sep 2026,Med spa / aesthetics,,They publish an out-of-hours emergency line alongside the main number - a clinic carrying that much patient contact manually is a strong candidate for automated follow-up,,New,2026-09-23,,Draft aged-leads intro,2026-09-23,Jess,Email read off rtwskin.co.uk on 23 Sep 2026,A,Clinic Software,"Three named principals at Cobden House Medical Centre TN1, CQC-registered and Save Face accredited, running four divisions - aesthetics, body, skin, dermatology - including HIFU and laser","Gift vouchers, pre-paid Aesthetic Packages, rotating monthly offers, and Kandoo finance - four separate pools of people who paid or applied once"
87,A,UK,"Epsom, Surrey (+ Peacehaven, East Sussex)",Plastic surgery,Epsom Skin Clinics,"Mr Geoff Wilson FRCS FRCS(Plast), consultant plastic surgeon",epsomskinclinics.com,epsom@epsomskinclinics.com,01372 737280,email published,read off their own page - verified 23 Sep 2026,Plastic surgery,,"They run a standing 20% off any single therapist service when you try something new, aimed at existing clients - an admission that a large share of the database only ever buys one thing",,New,2026-09-23,,Draft aged-leads intro,2026-09-23,Jess,Email read off epsomskinclinics.com team page on 23 Sep 2026,A,Pabau,"Two sites (Depot Rd Epsom KT17 and Peacehaven) headed by a consultant plastic surgeon with 25+ years, supported by therapist-delivered services","Refer a friend for a GBP 25 voucher each, a 10% NHS/Blue Light discount, a newsletter list, and a 20% cross-sell offer aimed explicitly at existing clients"
88,A,UK,"Elstead (Godalming), Surrey",Med spa / aesthetics,Health & Aesthetics,"Dr Rekha Tailor (Founder & Medical Director, MB ChB MRCGP)",healthandaesthetics.co.uk,info@healthandaesthetics.co.uk,01252 933133,email published,read off their own page - verified 23 Sep 2026,Med spa / aesthetics,,"Every consultation produces a bespoke treatment plan - each one is a documented, unfulfilled sales opportunity sitting in Pabau",,New,2026-09-23,,Draft aged-leads intro,2026-09-23,Jess,Email read off healthandaesthetics.co.uk privacy policy page on 23 Sep 2026,A,Pabau,"Ten named team members at Oak House, Tanshire Park GU8 - two doctors, a clinic manager, three aesthetic practitioners, four reception staff - running CoolSculpting, Emsella, PRP, exosomes and laser alongside full injectables","Gift vouchers sold through an on-site shop, plus a consultation-first funnel that documents a bespoke plan for every prospect"
89,A,UK,"St Albans, Hertfordshire",Med spa / aesthetics,The Skin to Love Clinic,"Jane Lewis (Founder & MD, CQC registered manager)",theskintoloveclinic.co.uk,info@theskintoloveclinic.co.uk,01727 837429,email published,read off their own page - verified 23 Sep 2026,Med spa / aesthetics,,They literally hold customer money on account through their Beauty Bank - unspent pre-paid balances are the purest form of dormant lead,,New,2026-09-23,,Draft aged-leads intro,2026-09-23,Jess,Email read off theskintoloveclinic.co.uk/contact/ on 23 Sep 2026 | One of the three strongest in the 23 Sep batch,A,Phorest,"Eleven named team members at Chequer St AL1 including four independent nurse prescribers and an advanced nurse practitioner, CQC regulated and Save Face accredited, 140+ years combined experience","A Wrinkle Relaxing Membership, pre-paid treatment courses, interest-free plans, 0% finance via Buyline, and a Beauty Bank where customers deposit money to draw down later"
90,C,UK,"Danbury, Essex (+ Marylebone, Sawston, Belfast, Leamington Spa)",Med spa / aesthetics,Woodford Medical,Dr Hilary Allan and Dr Mervyn Patterson (joint Medical Directors),woodfordmedical.com,enquiries@woodfordmedical.com,01245 227983,email published,read off their own page - verified 23 Sep 2026,Med spa / aesthetics,,A homepage testimonial opens I have been having injectables at Woodford Medical for over 9 years - a nine-year patient base with no online booking system behind it,,New,2026-09-23,,Draft aged-leads intro,2026-09-23,Jess,"Email read off woodfordmedical.com/about/contact on 23 Sep 2026 | Graded C only because no booking platform is identifiable (enquiry form only, vouchers on VoucherCart) - no integration story until we ask them what they run",C,,"Sixteen named practitioners across five clinics, with thread lifts and cosmetic surgery on the menu - easily the largest of the 23 Sep batch by headcount",A full VoucherCart gift-voucher store plus recurring device promotions
91,B,UK,"Ardington & Abingdon, Oxfordshire",Med spa / aesthetics,Oxford Cosmetic Clinic,Dr Ben Soukup,oxfordcosmeticclinic.com,info@oxfordcosmeticclinic.com,01235 521555,email published,read off their own page - verified 23 Sep 2026,Med spa / aesthetics,,Every appointment carries a GBP 25 deposit that is non-refundable inside 48 hours - a policy that only exists because no-shows and drop-offs are a live problem,,New,2026-09-23,,Draft aged-leads intro,2026-09-23,Jess,Email read off oxfordcosmeticclinic.com/contact on 23 Sep 2026 | Only two practitioners - thinner than the rest of the batch,B,Fresha,"Two clinic sites (Ardington OX12 and Abingdon OX14) staffed by two named doctors running a doctor-led injectables menu - botox by units, bruxism, jawline slimming, Nefertiti neck lift, Profhilo","A GBP 25 initial consultation deducted from subsequent treatments, plus a GBP 25 non-refundable deposit on every booking - both generate paid-but-unconverted records"
92,B,UK,"St James's, London + Sevenoaks, Kent",Med spa / aesthetics,Dr Ellie Sateei,Dr Ellie Sateei,drelliesateei.com,enquiries@drelliesateei.com,+44 7931 292326,email published,read off their own page - verified 23 Sep 2026,Med spa / aesthetics,,New patients pay GBP 195 up front and only recover it by treating the same day - so every consult that does not convert same-day is a paying prospect who walked away,,New,2026-09-23,,Draft aged-leads intro,2026-09-23,Jess,Email read off drelliesateei.com/contact on 23 Sep 2026 | Solo practitioner - qualifies on two locations and menu depth but thinner than the A rows,B,Timely,"Two clinic locations (120 Pall Mall SW1Y and Ightham, Sevenoaks TN15) with a full injectables and regenerative menu - fillers, anti-wrinkle, skin boosters, Radiesse, polynucleotides, SkinPen - and two decades of experience","A GBP 195 new-patient consultation fee refunded only if they treat the same day, plus a referral scheme giving GBP 75 off per new patient referred"
93,A,AU,Sydney,Med spa / aesthetics,The Manse Clinic,Dr Naomi McCullum (founder),themanseclinic.com.au,info@themanseclinic.com.au,02 9331 5005,email published,read off their own page - verified 24 Sep 2026,Med spa / aesthetics,,"They run branded programs - The Manse Glow, The Manse Filter, a dedicated Rejuran Clinic - off the back of a free introductory online consult, so the consult list is where the money is sitting",,New,2026-09-24,,Draft aged-leads intro,2026-09-24,Jess,Email read off themanseclinic.com.au on 24 Sep 2026 | Founder has 27 years in cosmetic medicine,A,Zenoti,"Two clinics (Paddington flagship and Sydney CBD) with six named practitioners - two doctors, three nurses, a therapist - and a full injectables, thread-lift and regenerative menu",Complimentary introductory online consultation plus gift cards sold through the Zenoti store - two pools of people who raised a hand or prepaid without necessarily rebooking
94,A,AU,Sydney,Med spa / aesthetics,Rejuvenation Clinics of Australia,Dr Garry Cussell (Clinical Director and Founder),rejuvaustralia.com.au,info@rejuvaustralia.com.au,1300 889 935,email published,read off their own page - verified 24 Sep 2026,Med spa / aesthetics,,"Their $100 new-client voucher is fenced off from lip flips, medical services, consult fees, products and packages - a tightly controlled first-visit offer that continuously refreshes a list of people who consulted and never converted",,New,2026-09-24,,Draft aged-leads intro,2026-09-24,Jess,Email read off rejuvaustralia.com.au/lp/new-100-offer/ on 24 Sep 2026,A,Zenoti,"Two clinics (George St Sydney CBD and Victoria Ave Chatswood) under a clinical director with 50+ years in cosmetic medicine, plus separate specialist clinic services","A standing $100 new-client voucher redeemable on a first in-clinic treatment after an initial consultation, and a $75 booking deposit that is redeemable or refundable"
95,B,AU,Sydney,Med spa / aesthetics,Privee Cosmetic Clinic,"Natalie Abouchar (Founder, Nurse Practitioner)",privee.com.au,bookings@privee.com.au,0428 170 420,email published,read off their own page - verified 24 Sep 2026,Med spa / aesthetics,,They sell gift vouchers through the same Timely store they take bookings on - so the unredeemed balances and the booking history are already in one system,,New,2026-09-24,,Draft aged-leads intro,2026-09-24,Jess,Email read off privee.com.au on 24 Sep 2026 | Single site - thinner than the A rows,B,Timely,"Founder nurse practitioner plus named support clinicians at Darlinghurst, with a high-ticket menu - PDO threads, collagen stimulators, Rejuran, bio-remodelling, CO2 laser, Cosmelan","Gift vouchers sold through the same Timely storefront they take bookings on, plus a consultation-led entry process"
96,A,AU,Melbourne,Med spa / aesthetics,Cityskin Cosmetic Clinic,"Dr Greg Scher (Cosmetic Doctor, MED0001210737)",cityskin.com.au,support@cityskin.com.au,1800 248 975,email published,read off their own page - verified 24 Sep 2026,Med spa / aesthetics,,They give every new patient a complimentary 30-minute consultation across six clinics and run the whole booking flow through one embedded Cliniko widget - so years of free consults are sitting in a single system,,New,2026-09-24,,Draft aged-leads intro,2026-09-24,Jess,Email read off cityskin.com.au Armadale location page on 24 Sep 2026,A,Cliniko,"Six Melbourne clinics (Collins St CBD, Little Collins St, Moonee Ponds, Brighton, Camberwell, Malvern) with doctors and cosmetic nurses across sites, injectables and bio-regeneration including Rejuran",A free 30-minute consultation for every new patient across all six clinics - a large historical pool of people who took a free consult and may never have booked
97,A,AU,Melbourne,Med spa / aesthetics,Skintech Medical Cosmetic Clinic,Dr Ben Chan (Medical Director),skintech.com.au,info@skintech.com.au,1300 888 838,email published,read off their own page - verified 24 Sep 2026,Med spa / aesthetics,,"They charge $30 for a cosmetic doctor consult and nothing for nurse or therapist consults, and state they reply to enquiries within two business days - a two-day reply window on a free-consult funnel is where leads go cold",,New,2026-09-24,,Draft aged-leads intro,2026-09-24,Jess,Email read off skintech.com.au/contact/ on 24 Sep 2026,A,Zenoti,"Four clinics (Box Hill, Glen Waverley, Dandenong, Adelaide CBD) with seven named doctors plus registered nurses and skin therapists","Free nurse and therapist consultations, a nominal $30 doctor-consult fee, a 10% off your first full-priced treatment new-client offer, and Zip buy-now-pay-later"
98,A,AU,Brisbane,Med spa / aesthetics,Injex Clinics,not found,injexclinics.com,brisbane@injexclinics.com,0468 364 222,email published,read off their own page - verified 24 Sep 2026,Med spa / aesthetics,,"They run four separate clinic inboxes, one per location, all feeding a single Shortcuts booking system - four front doors, one database, and nobody working the back of it",,New,2026-09-24,,Draft aged-leads intro,2026-09-24,Jess,"Email read off injexclinics.com/contact-us/ on 24 Sep 2026 | Also aspley@, capalaba@, springfieldlakes@",A,Shortcuts,"Four clinics - Brisbane CBD, Aspley, Capalaba, Springfield Lakes - each with its own phone line and inbox, offering injectables, laser, fat freezing and RF tightening","Free consultation, gift cards, a packages-and-specials page and a dedicated buy-now-pay-later page"
99,A,AU,Brisbane,Med spa / aesthetics,The Skin Lab,not found - seven doctors listed incl. Dr Heather Jenkins,theskinlab.com.au,reception@theskinlab.com.au,07 3832 4370,email published,read off their own page - verified 24 Sep 2026,Med spa / aesthetics,,They sell $425 treatment vouchers with a bonus gift pack on anything over $250 - so there is a standing pile of prepaid value in Timely that nobody is chasing down,,New,2026-09-24,,Draft aged-leads intro,2026-09-24,Jess,Email read off theskinlab.com.au/gift-vouchers/ on 24 Sep 2026 | hello@ used for corporate gifting,A,Timely,"Fifteen listed clinicians at Morris Towers, Wickham Terrace - seven doctors, seven dermal clinicians and a nurse - running injectables, laser and skin programs","The Skin Lab Membership plus $250 and $425 gift vouchers sold through the Timely store, with a SkinCeuticals gift pack bonus on purchases over $250"
100,B,AU,Brisbane,Med spa / aesthetics,The Skin Clinicians,"Karen Shirley (Director, APRN) and Dr Christopher Shirley (MBBS)",theskinclinicians.com.au,info@theskinclinicians.com.au,07 3899 8808,email published,read off their own page - verified 24 Sep 2026,Med spa / aesthetics,,"They run an Essentials Newsletter promising exclusive offers alongside a Timely voucher store, so the list and the prepaid balances are both there and both idle",,New,2026-09-24,,Draft aged-leads intro,2026-09-24,Jess,Email read off theskinclinicians.com.au/contact on 24 Sep 2026 | Single site - graded B,B,Timely,"Eight named clinicians at Riding Road, Hawthorne - an APRN principal clinician, a medical practitioner, a registered nurse and five dermal clinicians - plus a practice manager and administrator",Gift vouchers sold through the Timely store and an Essentials Newsletter promising exclusive offers - a list that exists but is not obviously worked
101,A,AU,Gold Coast,Plastic surgery,The Coastal Clinic,"Dr Drew Cronin (founder, Specialist Plastic Surgeon)",thecoastalclinic.com.au,admin@thecoastalclinic.com.au,07 5683 0820,email published,read off their own page - verified 24 Sep 2026,Plastic surgery,,"They charge $300 for a cosmetic consult and run aesthetics on Zenoti but skin checks on HealthEngine - two disconnected systems, so a patient who paid for one consult is invisible to the other",,New,2026-09-24,,Draft aged-leads intro,2026-09-24,Jess,Email read off thecoastalclinic.com.au/contact/ on 24 Sep 2026,A,Zenoti (aesthetics) + HealthEngine (skin checks),"Three specialist plastic surgeons plus nurse injectors, dermal and laser therapists, a GP and a massage therapist across Southport, Mackay and Varsity Lakes, with a full surgical menu - breast, tummy tuck, liposuction, facelift, blepharoplasty, rhinoplasty","Paid consultations at $300 cosmetic and $200 skin cancer, Afterpay and ZipPay at Varsity Lakes, and surgical instalment options - people who paid for a consult without booking surgery, spread across two disconnected booking systems"
102,B,AU,Gold Coast,Med spa / aesthetics,SSKIN Australia,not found - Tayla Malouf RN is the named injector,sskinaus.com,hello@sskinaus.com,07 5660 9691,email published,read off their own page - verified 24 Sep 2026,Med spa / aesthetics,,"They offer both a free 15-minute virtual consult and a free in-clinic consult, and host visiting plastic surgeons - so there are four separate ways into their database and no paid gate on any of them",,New,2026-09-24,,Draft aged-leads intro,2026-09-24,Jess,"Email read off sskinaus.com/bookings on 24 Sep 2026 | Single site, no doctor on staff - graded B",B,Timely,"Eight named practitioners at Robina - skin therapists, an RN injector, lymphatic therapists and a naturopath - plus in-house consultations with visiting Sydney plastic surgeons","A membership program, gift cards, a complimentary 15-minute virtual cosmetic consult and a complimentary in-clinic consult - four separate ways a lead enters the database without paying"
103,A,AU,Gold Coast,Med spa / aesthetics,Skin Forum,"Rikki Bruxner RN (Director/Owner, 20+ years)",skinforum.com.au,info@skinforum.com.au,07 5576 6082,email published,read off their own page - verified 24 Sep 2026,Med spa / aesthetics,,"They run a treatment wallet where clients prepay and draw down later, alongside vouchers and payment plans across two clinics - unspent wallet balances are the purest dormant lead there is",,New,2026-09-24,,Draft aged-leads intro,2026-09-24,Jess,Email read off skinforum.com.au/pages/contact on 24 Sep 2026 | manager@ published for business enquiries,A,Timely,"Two clinics (Burleigh Waters and Chirn Park) with a full high-ticket menu - collagen stimulators, dermal fillers, CO2 laser, Morpheus8, HIFU, Forma RF body contouring","Gift vouchers, a treatment wallet prepaid program, payment plans, and a newsletter promising exclusive monthly promos - prepaid balances and an email list both sitting idle"
104,A,AU,Perth,Med spa / aesthetics,Bramis Facial Rejuvenation Clinics,"Dr Mela (Cosmetic Medical Practitioner, former eye surgeon)",bramis.com.au,info@bramis.com.au,08 9388 2697,email published,read off their own page - verified 24 Sep 2026,Med spa / aesthetics,,"They charge a $50 booking fee that gets deducted from the treatment, on top of free consultations across four clinics - so every cancelled or credited booking is a named lead sitting in Phorest",,New,2026-09-24,,Draft aged-leads intro,2026-09-24,Jess,Email read off bramis.com.au/contact/ on 24 Sep 2026 | Dr Mela voted a top 100 injector worldwide twice,A,Phorest,"Four clinics - Subiaco, Inglewood, Currambine, Dunsborough - staffed by doctors, nurses, dermal and beauty therapists, with a high-ticket device menu including CO2, Fraxel, Pico, CoolSculpt, EmSculpt Neo and EmSella","Free consultations, gift vouchers, and a $50 booking fee deducted from treatment cost or refunded on cancellation - a recurring stream of booked-and-credited leads"
105,A,AU,Perth,Med spa / aesthetics,MedAesthetics,Dr Ehsan Jadoon,medaesthetics.com.au,info@medaesthetics.com.au,08 9381 5840,email published,read off their own page - verified 24 Sep 2026,Med spa / aesthetics,,Their gift cards run for three years and can only be redeemed after a clinical assessment - which means three years of prepaid value sitting in Zenoti waiting on an appointment nobody is chasing,,New,2026-09-24,,Draft aged-leads intro,2026-09-24,Jess,Email read off medaesthetics.com.au Subiaco clinic page on 24 Sep 2026 | Largest AU prospect by site count,A,Zenoti,"Seven Perth clinics (Subiaco head office, DermAesthetics Subiaco, Applecross, Rockingham, Duncraig, Westfield Whitford City, Butler Central) staffed by doctors, registered nurses and dermal clinicians, with thread lifts, blepharoplasty, CoolSculpting, Emsculpt NEO and Renuvion","Gift cards in $250/$500/$1000 tiers with bonus value, redeemable only after a clinical assessment and valid for three years - a three-year rolling stack of unredeemed prepaid value"
106,A,AU,Perth,Med spa / aesthetics,Skindeep Medi Spas,"not found - owners Helen Golisano, Sari Golisano, Gosia Sutherland",skindeep.net.au,central@skindeep.net.au,08 9226 2997,email published,read off their own page - verified 24 Sep 2026,Med spa / aesthetics,,"They run four medi-spas with a separate Phorest calendar and a separate inbox for each one, on top of Skin Health Memberships - so lapsed members are split across four systems and nobody owns the follow-up",,New,2026-09-24,,Draft aged-leads intro,2026-09-24,Jess,"Email read off skindeep.net.au on 24 Sep 2026 | Also mullaloo@, floreat@, swanvalley@",A,Phorest,"Four Perth locations - Mullaloo, Floreat, Perth CBD, Swan Valley - each with its own phone line and inbox, running advanced skin treatments, needling, peels, dermal infusions and IPL/laser","Skin Health Memberships, gift vouchers and Zip Pay buy-now-pay-later - recurring memberships plus unredeemed voucher balances across four sites"
107,A,UK,Manchester (+ Cheadle),Med spa / aesthetics,Lumiere Clinic,Dr Nicole (Consultant Dermatologist) and Dr Kian (Plastic Surgeon),lumiereclinic.co.uk,info@lumiereclinic.co.uk,0161 236 6500,email published,read off their own page - verified 24 Sep 2026,Med spa / aesthetics,,"They sell treatment packages and gift consultations through an online shop, and run both clinics off a single Pabau portal - so every unredeemed package is sitting in one place",,New,2026-09-24,,Draft aged-leads intro,2026-09-24,Jess,Email read off lumiereclinic.co.uk on 24 Sep 2026,A,Pabau,"Two sites (City Road East Manchester and Royal Crescent Cheadle) with a consultant dermatologist plus a plastic surgeon, offering plastic surgery, thread lifts, CO2 and picosecond lasers and skin surgery","Free consultations bookable online plus an online shop selling treatment packages and gifted consultations, and regular discounts on treatment courses - gifted and prepaid consultations nobody chases"
108,A,UK,Manchester (+ two London sites),Med spa / aesthetics,The Academy Clinic,not found - no individual practitioners named,theacademyclinic.co.uk,manchester@theacademyclinic.co.uk,0161 865 1141,email published,read off their own page - verified 24 Sep 2026,Med spa / aesthetics,,"They still honour SkinViva credit and gift vouchers - so they have inherited a whole patient book holding money with them, and it is all now in one Zenoti instance across three sites",,New,2026-09-24,,Draft aged-leads intro,2026-09-24,Jess,Email read off theacademyclinic.co.uk Manchester page on 24 Sep 2026 | Inherited SkinViva book is the whole pitch here,A,Zenoti,"Three clinics - Quay St Manchester plus Threadneedle Street and Copthall Avenue in London - with a full injectables and skin menu (Profhilo, polynucleotides, microneedling, peels, HydraFacial)","They still honour legacy SkinViva credit and gift vouchers, plus Klarna financing - an inherited book of SkinViva patients holding unredeemed credit"
109,A,UK,Birmingham (+ Manchester),Plastic surgery,Kat & Co,"Mrs Chien C Kat MBBS FRCS (Edin) FRCS (Plastic), founder",cckat.com,enquiry@katandco.healthcare,0121 456 7930,email published,read off their own page - verified 24 Sep 2026,Plastic surgery,,Their online bookings are provisional only - a member of staff has to ring each patient back to confirm and take a 50 pound deposit before the appointment exists. That callback queue is exactly what goes unworked,,New,2026-09-24,,Draft aged-leads intro,2026-09-24,Jess,Email read off cckat.com/contact on 24 Sep 2026,A,MidexPro / MXPortal,"Five named clinicians, a Birmingham base at Calthorpe Road plus a separate Manchester clinic in the booking portal, a full surgical menu and Chrysalis Finance",Free consultations plus a booking flow that only creates a provisional slot - staff have to ring each patient back to confirm and take a 50 pound deposit. Every unconfirmed provisional booking is a lead waiting on a human callback
110,A,UK,Birmingham,Med spa / aesthetics,MediZen Aesthetics,"Dr David Eccleston, founder and Clinical Director",medizen.co.uk,info@medizen.co.uk,0121 308 4373,email published,read off their own page - verified 24 Sep 2026,Med spa / aesthetics,,"They have been running since 1999 and sell monthly plans for facials, injectables and laser - a 27-year patient book with a subscription base that will have lapsed members going back years",,New,2026-09-24,,Draft aged-leads intro,2026-09-24,Jess,"Email read off medizen.co.uk/contact-us/ on 24 Sep 2026 | Founder has trained 10,000+ practitioners",A,Zenoti,"Seven named staff and a high-ticket menu including thread lifts, CoolSculpting, truSculpt and truFlex body contouring","Free consultations plus monthly plans for facials, injectables and laser - a subscription base with lapsed and paused members"
111,A,UK,Birmingham,Med spa / aesthetics,Dermoperfection Medical Skin Clinic,"Stu Logan, Founder and Director (with Dr Jihee Youn)",dermoperfection.co.uk,info@Dermoperfection.co.uk,0121 439 4350,email published,read off their own page - verified 24 Sep 2026,Med spa / aesthetics,,"They charge a consultation fee that is redeemable against treatment, and claim 50,000+ treatments - so there is a long tail of people holding redeemable credit who never came back",,New,2026-09-24,,Draft aged-leads intro,2026-09-24,Jess,Email read off dermoperfection.co.uk on 24 Sep 2026,A,Timely,"Five named clinical staff, CQC regulated, claiming 50,000+ treatments from its Mailbox clinic in Birmingham","Consultations carry a fee that is redeemable against treatment, plus gift vouchers sold through the online shop - both create people who have paid and not returned"
112,B,UK,Leeds (+ Bradford),Med spa / aesthetics,Cleage Clinic,"Dr Touileb, Founder and Clinical Director",cleageclinic.co.uk,info@cleageclinic.co.uk,0113 519 7011,email published,read off their own page - verified 24 Sep 2026,Med spa / aesthetics,,They run a free initial consultation across both clinics off one booking portal - which means every person who has ever consulted and not booked is sitting in one list,,New,2026-09-24,,Draft aged-leads intro,2026-09-24,Jess,Email read off cleageclinic.co.uk on 24 Sep 2026 | Smaller menu than the A rows,B,Aesthetic Nurse Software,"Two clinics (Horsforth in Leeds and Bradford) running a doctor-led injectables menu alongside laser hair removal, tattoo removal and buttock enhancement",A free initial consultation advertised site-wide - a free-consult funnel with a booking portal full of people who consulted and never converted
113,B,UK,Leeds (+ Altrincham),Med spa / aesthetics,Aesthetica Medical,Dr Saniyya (MBChB),aesthetica-medical.co.uk,info@aesthetica-medical.co.uk,0113 531 9755,email published,read off their own page - verified 24 Sep 2026,Med spa / aesthetics,,"Their current offer prices a six-session full-body laser course at 999 pounds against a usual 2,700 - a 63% discount used to fill the diary, and course buyers who stop turning up are the easiest people to bring back",,New,2026-09-24,,Draft aged-leads intro,2026-09-24,Jess,Email read off aesthetica-medical.co.uk on 24 Sep 2026 | Weakest dormant signal of the 24 Sep UK batch,B,Timely,"Two clinics (Leeds and Broadheath, Altrincham) with a full injectables and skin menu - Botox, fillers, Profhilo, non-surgical rhinoplasty, polynucleotides, PRP, laser","A standing special-offers page selling heavily discounted multi-session courses - course buyers who stop turning up part-way. No membership or voucher scheme published, so this is the weakest dormant signal in the batch"
114,A,UK,"Bristol (+ Weston-super-Mare, Taunton)",Med spa / aesthetics,Azthetics Clinic,not found - site refers to specialist Doctors & Nurses,aztheticsclinic.co.uk,info@aztheticsclinic.co.uk,01179 733 666,email published,read off their own page - verified 24 Sep 2026,Med spa / aesthetics,,"They charge a 40 pound acne and skin consultation fee that is redeemable against treatment, across three clinics on one Pabau system - unclaimed credit sitting in one place",,New,2026-09-24,,Draft aged-leads intro,2026-09-24,Jess,Email read off aztheticsclinic.co.uk/contact/ on 24 Sep 2026,A,Pabau,"Three clinics (Bristol, Weston-super-Mare, Taunton) with a full injectables menu split by practitioner tier plus laser, dermatology and IV therapy","Free consultations for most services, a 40 pound acne and skin consultation fee redeemable against treatment, and discounted multi-session courses"
115,A,UK,Glasgow,Plastic surgery,McKeown Medical,"Dr Darren McKeown, founder",drdarrenmckeown.com,info@drdarrenmckeown.com,0141 370 0509,email published,read off their own page - verified 24 Sep 2026,Plastic surgery,,"They take bookings through Phorest but route surgical enquiries into two manual forms - start a consultation, and request a callback - both depending on someone phoning back. That is where the high-value enquiries go cold",,New,2026-09-24,,Draft aged-leads intro,2026-09-24,Jess,Email read off drdarrenmckeown.com/contact/ on 24 Sep 2026,A,Phorest,"Four named clinicians including a plastic surgeon and a consultant gynaecologist at Bath Street Glasgow, with a surgical menu covering facelifts, eyelid surgery, liposuction, arm lift and intimate surgery",Two separate lead-capture funnels that end in a human callback rather than a booking - a Start a consultation form and a Request a callback form. Anyone who filled either and was not rung back is a dormant lead
116,A,UK,Glasgow,Med spa / aesthetics,Luxe Skin,"Dr Usman Qureshi (Dr Q), Founder and Aesthetic Doctor",luxeskin.co.uk,info@luxeskin.co.uk,0141 573 1473,email published,read off their own page - verified 24 Sep 2026,Med spa / aesthetics,,They run a tiered monthly membership called Q-Plan that issues birthday vouchers and skincare gifts - so lapsed members and unredeemed vouchers are both tracked in Zenoti already,,New,2026-09-24,,Draft aged-leads intro,2026-09-24,Jess,Email read off luxeskin.co.uk on 24 Sep 2026,A,Zenoti,"Named founding doctor with clinical support at Ingram Street Glasgow, running a high-ticket surgical and near-surgical menu - BodyTite, liposuction, arm lift, gynaecomastia reduction - plus signature thread lifts and full injectables","Q-Plan, a monthly aesthetic membership with flexible tiers, birthday vouchers, skincare gifts and treatment discounts - recurring members plus unredeemed birthday vouchers, on top of free consultations"
117,A,UK,Edinburgh,Plastic surgery,The Mayfield Clinic,"Dr Nestor Demosthenous (MBChB, MSc, BSc), founder",themayfieldclinic.co.uk,hello@themayfieldclinic.co.uk,0131 467 1450,email published,read off their own page - verified 24 Sep 2026,Plastic surgery,,"Their founder is credited with 30,000+ procedures over 15 years and they sell gift vouchers through their own Collums portal - a very deep patient book with prepaid value sitting on top of it",,New,2026-09-24,,Draft aged-leads intro,2026-09-24,Jess,Email read off themayfieldclinic.co.uk on 24 Sep 2026,A,Collums,"Named founder plus a consultant dermatologist and clinic staff at Mayfield Road Edinburgh, with a high-ticket surgical and medical menu - breast surgery, eyelid surgery, hair restoration, vasectomy, a menopause clinic - on top of full injectables","Gift vouchers sold online, plus Save Face accreditation and a booking portal holding years of patient records"
118,A,UK,Edinburgh,Med spa / aesthetics,DRVICTORIA Skin Clinic,"Dr Victoria Dobbie BDS, Clinical Director",drvictoria.co.uk,enquiries@drvictoria.co.uk,0131 226 9610,email published,read off their own page - verified 24 Sep 2026,Med spa / aesthetics,,"They charge for consultations deliberately, to keep the advice unbiased - which means every consult is a paying customer, and the ones who never rebooked are the most qualified list they own",,New,2026-09-24,,Draft aged-leads intro,2026-09-24,Jess,Email read off drvictoria.co.uk/contact on 24 Sep 2026 | Rated Exceptional by Healthcare Improvement Scotland 2026,A,Clinicminds,"Twelve named team members at Alva Street Edinburgh - three dental surgeons in facial aesthetics, an aesthetic clinician, two NMC-registered nurses, three aestheticians, a patient coordinator, a clinic manager and an MD - running injectables, regenerative, laser and energy-device menus","Gift cards sold as a product, digital or presentation packs, plus deliberately paid consultations so every consultation is a paying customer who may never have rebooked"
119,C,UK,"Manchester (+ London, Liverpool, Birmingham)",Plastic surgery,Manchester Private Hospital,18 named surgeons,manchesterprivatehospital.uk,info@manchesterprivatehospital.co.uk,,email published,read off their own page - verified 24 Sep 2026,Plastic surgery,,"Eighteen surgeons across four hospitals running free consultations into surgery priced from 6,000 pounds - the gap between consult and booking is where the money is",,New,2026-09-24,,Draft aged-leads intro,2026-09-24,Jess,"Email read off manchesterprivatehospital.uk on 24 Sep 2026 | Graded C: no third-party booking system visible, so ask what they run before promising an integration",C,,"Eighteen named surgeons across four sites (Manchester, London, Liverpool, Birmingham), Chrysalis Finance, breast augmentation from 6,000 pounds and facelift from 12,500 pounds - the largest UK prospect found by surgeon count","Book YOUR FREE Consultation prompts throughout the site, with financing on high-ticket surgery - a free-consult funnel feeding very expensive procedures"
120,C,UK,Manchester,Plastic surgery,UK Aesthetic,Humayun Ayub Khan and Rachel Holt (plastic surgeons),ukaesthetic.com,enquiry@ukaesthetic.com,,email published,read off their own page - verified 24 Sep 2026,Plastic surgery,,Two named plastic surgeons with a full surgical menu and no visible booking system - worth asking what they run before pitching,,New,2026-09-24,,Draft aged-leads intro,2026-09-24,Jess,Email read off ukaesthetic.com on 24 Sep 2026 | Graded C: no booking system and no finance published,C,,Two named plastic surgeons running a full surgical menu,Not established - no financing or voucher scheme published
121,C,UK,Birmingham,Plastic surgery,Victoria House Clinic,Mr George Filobbos and Mr Mohamed Maher (surgeons),victoriahouseclinic.co.uk,info@victoriahouseclinic.co.uk,,email published,read off their own page - verified 24 Sep 2026,Plastic surgery,,"They sell twelve Dermalux sessions for 100 pounds, which fills the diary but leaves a trail of people who stopped turning up mid-course",,New,2026-09-24,,Draft aged-leads intro,2026-09-24,Jess,Email read off victoriahouseclinic.co.uk on 24 Sep 2026 | Graded C: booking is a self-hosted form with no system behind it,C,,"Two named surgeons, CQC registered",A 12 sessions for 100 pounds Dermalux course offer - course buyers who stop part-way
122,C,UK,Leeds,Med spa / aesthetics,Yorkshire Skin Centre,Dr Raj Thethi and Dr Camila Valencia,yorkshireskincentre.co.uk,hello@yorkshireskincentre.co.uk,,email published,read off their own page - verified 24 Sep 2026,Med spa / aesthetics,,"They charge for consultations at three tiers up to 150 pounds for a surgeon - so every single consult is a paying, qualified lead, and the ones who never booked are the obvious place to start",,New,2026-09-24,,Draft aged-leads intro,2026-09-24,Jess,Email read off yorkshireskincentre.co.uk/contact/ on 24 Sep 2026 | Graded C: no booking widget exposed on any page,C,,"Two named doctors with tiered consultation fees (30 pounds practitioner, 50 pounds doctor-nurse, 150 pounds surgeon) and course packages up to 1,260 pounds","Tiered paid consultations at three price points plus course packages - every consultation is a paying lead, and courses create part-completers"
123,A,IE,Dublin (Sandyford) + Galway,Plastic surgery,The Kelly Clinic,"Professor Jack Kelly, Consultant Plastic & Reconstructive Surgeon",thekellyclinic.com,dublin@thekellyclinic.com,01 265 5697,email published,read off their own page - verified 24 Sep 2026,Plastic surgery,,"They run two different booking platforms across two sites, Phorest in Dublin and Zenoti in Galway, so their patient data is split in half and nobody is working either half",,New,2026-09-24,,Draft aged-leads intro,2026-09-24,Jess,Email read off thekellyclinic.com on 24 Sep 2026 | Split-systems angle is the strongest hook here,A,Phorest (Dublin) + Zenoti (Galway),"Two clinics (Dublin and Galway) under a named consultant plastic surgeon with a support team, surgical and high-ticket menu, Klarna accepted",Gift vouchers sold online plus Klarna - two separate pools of people who paid or pre-qualified and may never have redeemed
124,A,IE,Cork (Ballincollig) + Dublin (Charlestown),Med spa / aesthetics,The FILO Clinic,Dr Dario Samos (in-house Aesthetic Doctor),thefiloclinic.ie,cork@thefiloclinic.ie,+353 87 788 9009,email published,read off their own page - verified 24 Sep 2026,Med spa / aesthetics,,"Their front door is a free VISIA skin analysis offered explicitly whether or not you book a treatment - so Zenoti holds every person who was scanned, told exactly what they needed, and never came back",,New,2026-09-24,,Draft aged-leads intro,2026-09-24,Jess,Email read off thefiloclinic.ie on 24 Sep 2026 | Also dublin@thefiloclinic.ie,A,Zenoti,"Two clinics with four named clinicians (one doctor, three nurses), Zenoti, and VISIA imaging",A free-consult funnel that is the entire front door - a free VISIA skin analysis offered whether or not you book a single treatment. Every non-converter is in Zenoti. Gift vouchers sold through the same Zenoti store
125,A,IE,Dublin (Sandyford) + Cork (Ballincollig),Med spa / aesthetics,ORA Skin Clinic,Dr Edel Woods (owner),oraskinclinic.ie,hello@oraskinclinic.ie,01 538 3052,email published,read off their own page - verified 24 Sep 2026,Med spa / aesthetics,,"They run an ORA Rewards points scheme and sell gift cards through the same Phorest system they book on - so the points balances and the unspent vouchers are already sitting together, waiting to be used as a reason to call",,New,2026-09-24,,Draft aged-leads intro,2026-09-24,Jess,Email read off oraskinclinic.ie/pages/book on 24 Sep 2026,A,Phorest,"Two clinics in two cities, two named doctors, a device-heavy menu (Sciton BBL Hero, MOXI, Secret RF, SkinPen) and Phorest with an attached gift-card store","An ORA Rewards loyalty programme plus Phorest-hosted gift cards - a points balance and an unredeemed voucher balance, both sitting in the same database"
126,B,NZ,Wellington (Te Aro) + Auckland (Rosedale),Med spa / aesthetics,Bloom Clinic,Roz (Registered Nurse) - nurse-led,bloomclinic.co.nz,info@bloomclinic.co.nz,027 5555 317,email published,read off their own page - verified 24 Sep 2026,Med spa / aesthetics,,"They offer Genoapay but only in clinic, so anyone who wanted to spread the cost has to physically come back in - which means the people who meant to and never did are sitting there unasked",,New,2026-09-24,,Draft aged-leads intro,2026-09-24,Jess,Email read off bloomclinic.co.nz on 24 Sep 2026 | Nurse and beautician led rather than doctor led - graded B,B,Timely,"Two clinics across two cities, four named practitioners, Alma Harmony XL laser plus injectables (Dysport, Sunekos, RF needling) and a retail shop","Gift cards usable on any treatment or product, a $50 shop voucher, and Genoapay buy-now-pay-later restricted to in-clinic use only"
127,A,NZ,Auckland (Ponsonby + Karaka) + Christchurch,Med spa / aesthetics,Clinic 1,not found - cosmetic injector Esme named,clinic1.co.nz,beauty@clinic1.co.nz,021 241 0312,email published,read off their own page - verified 24 Sep 2026,Med spa / aesthetics,,"They take card details on every booking without charging upfront, and charge 30% on a no-show - so Fresha holds a list of people who were billed for not turning up and never rebooked, which is the warmest apology list in the business",,New,2026-09-24,,Draft aged-leads intro,2026-09-24,Jess,Email read off clinic1.co.nz/contact on 24 Sep 2026 | Also karaka@ and hello@,A,Fresha,"Three clinics across two cities with three separate inboxes, appearance medicine plus skin therapy, and card-on-file booking","Digital gift vouchers sold through their own shop, plus a card-capture booking policy - card details taken with nothing charged upfront, a 10% fee under 24 hours and 30% for a no-show. Every no-show and late cancel is a named, card-on-file lead"
128,B,NZ,"Auckland (Takanini, South Auckland)",Med spa / aesthetics,Clinic4O2,"Olya, Clinic Director and Registered Nurse",clinic4o2.co.nz,info@clinic4o2.co.nz,0508 402 402,email published,read off their own page - verified 24 Sep 2026,Med spa / aesthetics,,"They market across five South Auckland towns off a single freephone number from one site, and all of it lands in one Kitomba database that nobody is mining",,New,2026-09-24,,Draft aged-leads intro,2026-09-24,Jess,Email read off clinic4o2.co.nz on 24 Sep 2026 | Single site - graded B,B,Kitomba,"Nurse-led cosmetic medicine with senior skin therapists, a 0508 national number, and a stated catchment across Pukekohe, Papakura, Manukau, South Auckland and Franklin",Gift vouchers sold on a dedicated page plus Afterpay - voucher holders and buy-now-pay-later starters both sit in Kitomba
129,A,AU,Adelaide (Largs Bay + Norwood),Med spa / aesthetics,Enhance Skin Cosmetic Clinic,"Petta Day, Lead Nurse (SA Best Cosmetic Nurse 2023 and 2024)",enhanceskinclinic.com.au,info@enhanceskinclinic.com.au,0403 292 292,email published,read off their own page - verified 24 Sep 2026,Med spa / aesthetics,,"Their Skin Club runs three tiers at $50, $65 and $105 a week on a six-month commitment - so every six months a whole cohort of paying members quietly rolls off, and nobody is asking them back",,New,2026-09-24,,Draft aged-leads intro,2026-09-24,Jess,Email read off enhanceskinclinic.com.au on 24 Sep 2026 | Best dormant signal in the 24 Sep batch,A,Timely,"Two clinics (Largs Bay and Norwood), two named registered nurses, an award-winning lead injector, and a three-tier subscription membership","The Enhance Skin Club - three paid tiers at $50, $65 and $105 a week, each on a six-month commitment, all carrying treatment and product discounts. A weekly-billed six-month membership generates a continuous stream of lapsed members"
130,A,AU,Canberra (Belconnen),Med spa / aesthetics,The R Clinic,"Dr Wen Sung, Medical Director and Cosmetic Physician",rclinic.com.au,contact@rclinic.com.au,02 5119 3898,email published,read off their own page - verified 24 Sep 2026,Med spa / aesthetics,,"They ran a $30-a-ticket launch evening with the ticket redeemable against a booking on the night - so everyone who paid to turn up, and then did not book, is a named lead with a priced intent sitting in Timely",,New,2026-09-24,,Draft aged-leads intro,2026-09-24,Jess,Email read off rclinic.com.au/contact-us/ on 24 Sep 2026,A,Timely,"Nine named team members including two medical directors, a cosmetic nurse, a dermal therapist and a vascular sonographer, open six days, with a second brand (Canberra Vein Care) under the same roof","The R Collective Rewards Program, plus a paid event funnel - a $30 acne clinic launch ticket fully redeemable against a treatment booking on the night. Named multi-step treatment journeys people drop out of"
131,A,AU,Canberra (Braddon) + Melbourne (Camberwell),Med spa / aesthetics,Prime Cosmetic Clinic,not found,primecosmetic.com.au,admin@primecosmetic.com.au,02 6189 9633,email published,read off their own page - verified 24 Sep 2026,Med spa / aesthetics,,"Their packages are non-refundable and expire twelve months after purchase - which means there is a rolling, dated list of members holding credit that is about to run out, and a deadline is the easiest reason to call anyone",,New,2026-09-24,,Draft aged-leads intro,2026-09-24,Jess,Email read off primecosmetic.com.au/promotions on 24 Sep 2026 | Also info@ for Melbourne | Strongest expiry hook found,A,Shortcuts,"Two clinics in two states, open six or seven days, a device menu including Ultherapy, Thermage FLX, Morpheus8, LIPOcel and Rejuran, four-figure package pricing and a tiered Gold and Platinum+ membership","Three separate dormant pools - a tiered membership with member and non-member pricing throughout, a prepaid treatment wallet with $3,000 and $5,000 bonus thresholds, and packages that are non-refundable and expire twelve months after purchase"
132,A,AU,Newcastle (The Junction) + Sydney (Dulwich Hill),Med spa / aesthetics,XO Aesthetics,Dr Toni and Dr Cameron,xoaesthetics.com.au,admin@xoaesthetics.com.au,02 4031 8899,email published,read off their own page - verified 24 Sep 2026,Med spa / aesthetics,,"Both clinics run off a single Fresha instance that also sells their gift cards, so one database holds both cities of patients and every outstanding voucher - which is the easiest reactivation setup we have seen",,New,2026-09-24,,Draft aged-leads intro,2026-09-24,Jess,Email read off xoaesthetics.com.au on 24 Sep 2026,A,Fresha,"Two clinics in two cities running off one Fresha instance, two named doctors plus support, cosmetic and laser menu",Gift cards sold through the same Fresha instance as the bookings - unredeemed balances and their buyers are both named records in one database
133,A,AU,Sunshine Coast (Maroochydore),Med spa / aesthetics,Aesthete Sunshine Coast,Janette Irwin RN - nurse-led,aesthetewellness.com.au,admin@aesthetesunshinecoast.com.au,07 5379 3171,email published,read off their own page - verified 24 Sep 2026,Med spa / aesthetics,,"They employ two full-time patient concierges on a ten-person team, which says they already know they have more enquiries than they convert - the question is what happens to the ones the concierges do not get back to",,New,2026-09-24,,Draft aged-leads intro,2026-09-24,Jess,Email read off aesthetewellness.com.au/pages/contact on 24 Sep 2026,A,Timely,"Ten named staff - three registered nurses, a principal dermal therapist, a skin and laser therapist, an integrative wellness clinician, two patient concierges and a general manager. Open Mon-Sat, claims Best Medispa Asia Pacific",Gift cards sold through the Timely purchase store. Two full-time patient concierge roles on a ten-person team is itself evidence of a lead-handling function with more inbound than it converts
134,A,AU,Geelong,Med spa / aesthetics,"Geelong Veins, Skin & Laser","not found - team of doctors, specialists, nurses and dermal clinicians",geelongveinsskinlaser.com.au,reception@geelongveinsskinlaser.com.au,03 5229 6866,email published,read off their own page - verified 24 Sep 2026,Med spa / aesthetics,,"They have been doctor-led in Geelong since 1991 and still offer a free skin analysis - which means 35 years of consultations are sitting in one Kitomba database, most of them never followed up",,New,2026-09-24,,Draft aged-leads intro,2026-09-24,Jess,Email read off geelongveinsskinlaser.com.au/contact on 24 Sep 2026,A,Kitomba,"Doctor led in Geelong since 1991, a team spanning doctors, specialists, nurses and dermal clinicians, four disciplines under one roof, open six days, plus an e-commerce store","Gift vouchers sold through their own store, a free skin analysis funnel, and multi-visit Skincare Plans people fall off"
135,C,AU,Hobart,Plastic surgery,Hobart Plastic Surgery,"Dr Cameron Keating, Specialist Plastic & Reconstructive Surgeon",hobartplasticsurgery.com.au,clinic@hobartplasticsurgery.com,03 6128 3344,email published,read off their own page - verified 24 Sep 2026,Plastic surgery,,"Their acne packages run to $3,650 and the 20% discount only holds if it is bought at the initial VISIA scan - so every scan that did not convert on the day is a lead with a known, priced intent that walked away from a discount",,New,2026-09-24,,Draft aged-leads intro,2026-09-24,Jess,"Email read off hobartplasticsurgery.com.au/contact-us/ on 24 Sep 2026 | Graded C: every Book Online button resolves to a dead placeholder, so no booking platform is provable - ask on the call",C,,"A named specialist plastic surgeon plus two dermal therapists, a surgical menu, and four sub-brands from one address - plastic surgery, dermal aesthetics, an acne clinic and a hair restoration lab","A $50 dermal therapist consultation redeemable on the day against treatment or products, and AviClear packages at $2,850 to $3,650 where the 20% discount applies only if bought at the initial VISIA 3D consultation"
136,C,IE,Dublin (Anne's Lane) + Letterkenny,Med spa / aesthetics,Fitzgerald Private Clinic,not found,fitzgeraldprivateclinic.com,dublin@fitzgeraldprivateclinic.com,,email published,read off their own page - verified 24 Sep 2026,Med spa / aesthetics,,"They sell both digital and postal gift vouchers across two sites, so unredeemed balances are spread across two locations and two formats",,New,2026-09-24,,Draft aged-leads intro,2026-09-24,Jess,"Email read off fitzgeraldprivateclinic.com gift voucher page on 24 Sep 2026 | Graded C: booking sits on their own domain with no identifiable platform - confirm on the call. Flagged by the sourcing pass as a maybe, not fully qualified",C,,Two sites across Dublin and Co. Donegal,Digital and postal gift vouchers sold across both sites
137,A,US,"Nashville / Brentwood / Franklin / Mt. Juliet, TN",Plastic surgery,Cool Springs Plastic Surgery,Dr. Konrad Sarosiek and Dr. John Reagan Moore,coolspringsplasticsurgery.net,info@csps.me,(615) 771-7718,email published,read off their own page - verified 24 Sep 2026,Plastic surgery,,"Four locations across Tennessee all run off one Symplast instance, so every consult that never converted is sitting in a single system with the financing history attached",,New,2026-09-24,,Draft aged-leads intro,2026-09-24,Jess,"Email read off coolspringsplasticsurgery.net/contact-us/ on 24 Sep 2026 | Strongest US prospect found: named surgeons, four sites, a CRM with a documented API",A,Symplast,"Four Tennessee locations on one Symplast instance, two board-certified plastic surgeons, a full surgical menu, CareCredit and PatientFi",Reward programs plus two financing lines - financed surgical consults that never converted are the pool
138,A,US,"Nashville + Brentwood, TN",Med spa / aesthetics,Amalie Aesthetics and Wellness,Kristin Quigley FNP-C (Owner); Dr. John David Rosdeutscher (Medical Director),amalieaesthetics.com,info@amalieaesthetics.com,,email published,read off their own page - verified 24 Sep 2026,Med spa / aesthetics,,"They run three skin memberships at $225, $325 and $400 a month, each including a treatment plus a complimentary dermaplane - so a lapsed member is someone who was paying every month and simply stopped",,New,2026-09-24,,Draft aged-leads intro,2026-09-24,Jess,Email read off amalieaesthetics.com/membership-programs on 24 Sep 2026,A,Boulevard,"Five named providers across two locations, tiered memberships running to $900 a month","Skin memberships at $225, $325 and $400 a month plus separate GLP-1 memberships on three-month commitments - lapsed members are the list"
139,A,US,"Coral Gables / Aventura / Lauderdale-by-the-Sea, FL",Med spa / aesthetics,Med Aesthetics Miami,not found,medaestheticsmiami.com,info@medaestheticsmiami.com,,email published,read off their own page - verified 24 Sep 2026,Med spa / aesthetics,,"They run two membership tiers at $69 and $375 a month across three centres, each with its own inbox - so the members are pooled but the follow-up is split three ways",,New,2026-09-24,,Draft aged-leads intro,2026-09-24,Jess,"Email read off medaestheticsmiami.com on 24 Sep 2026 | Also coralgables@, aventura@, lauderdale@",A,NexHealth,"Three centres each with its own email desk, a membership club and a gift-card storefront","The More than Beauty Club at $69 a month and a body contouring tier at $375 a month, plus a separate gift-card shop"
140,C,US,"Boca Raton + Fort Lauderdale, FL",Plastic surgery,Sanctuary Medical Aesthetic Center,"Dr. Jason Pozner, board-certified plastic surgeon and Medical Director",sanctuarymedical.com,info@sanctuarymedical.com,561-886-0970,email published,read off their own page - verified 24 Sep 2026,Plastic surgery,,"Seven physicians across two locations with a named membership programme on top - a lot of people have been through that door, and the membership tells you exactly who was worth keeping",,New,2026-09-24,,Draft aged-leads intro,2026-09-24,Jess,"Email read off sanctuarymedical.com/contact-us-location/ on 24 Sep 2026 | Graded C: consultation requests go to an embedded JotForm, no booking platform provable - ask on the call",C,,"Seven named physicians across two locations spanning plastic surgery, dermatology, functional medicine and hair restoration","The Sanctuary Society Membership, gift cards, and both CareCredit and Cherry financing"
141,B,US,"Boca Raton + Aventura, FL",Med spa / aesthetics,Peace Love Med,not found,peacelovemed.com,info@peacelovemed.com,,email published,read off their own page - verified 24 Sep 2026,Med spa / aesthetics,,"They run their own Cherry financing portal alongside Square gift cards, so there are two separate lists of people who got as far as arranging how to pay and then did not book",,New,2026-09-24,,Draft aged-leads intro,2026-09-24,Jess,Email read off peacelovemed.com/locations on 24 Sep 2026 | No named doctor - graded B,B,Square Appointments,"Two locations, Cherry financing and a Square gift-card storefront",Their own Cherry financing portal plus Square gift cards - people who pre-qualified for finance or hold unredeemed card balances
142,A,US,"Atlanta + Marietta, GA",Plastic surgery,Georgia Plastic & Reconstructive Surgery,Dr. Stanley Okoro and Dr. Greg Lee,georgiaplastic.com,info@georgiaplastic.com,(770) 343-5959,email published,read off their own page - verified 24 Sep 2026,Plastic surgery,,"They charge $150 for a virtual consultation and run a Virtual Price Guide as a lead magnet - so their CRM holds people who paid to be quoted and then went quiet, which is about as warm as a dormant lead gets",,New,2026-09-24,,Draft aged-leads intro,2026-09-24,Jess,Email read off georgiaplastic.com/out-of-town-program/ on 24 Sep 2026 | Best integration story of the US batch - GoHighLevel is already in this workspace via Monkey Joe s,A,GoHighLevel / LeadConnector,"Two locations, two named surgeons, a full surgical menu, a dedicated out-of-town programme and financing","A paid virtual consultation at $150 for US calls, plus a Virtual Price Guide lead magnet feeding a GoHighLevel form"
143,B,US,"Alpharetta / Atlanta / Suwanee / Braselton, GA",Med spa / aesthetics,NYAH Med Spa,not found,nyahmedspa.com,feedback@nyahmedspa.com,(678) 687-8444,email published,read off their own page - verified 24 Sep 2026,Med spa / aesthetics,,"Four locations, each running as its own separate Mindbody studio - which means four client lists that never talk to each other, and nobody looking at the overlap",,New,2026-09-24,,Draft aged-leads intro,2026-09-24,Jess,Email read off nyahmedspa.com/contact on 24 Sep 2026 | Weakest dormant signal of the US batch - the siloed-lists angle is the honest hook,B,Mindbody,"Four Georgia locations, each with its own Mindbody studio ID, running a full laser and injectable menu",Cherry financing. No membership or loyalty scheme found - the weakest dormant signal of the US batch
144,C,US,"Plano / Dallas / Fort Worth and 5 more, TX",Med spa / aesthetics,Total Med Solutions,not found,totalmedsolutions.com,info@totalmedsolutions.com,214-987-9200,email published,read off their own page - verified 24 Sep 2026,Med spa / aesthetics,,"Eight clinics across Dallas-Fort Worth, each with its own direct line, and a dedicated appointments inbox - somebody there is already handling inbound by hand",,New,2026-09-24,,Draft aged-leads intro,2026-09-24,Jess,Email read off totalmedsolutions.com/contact-total-med/ on 24 Sep 2026 | Largest US footprint found | Graded C: booking runs on their own page with no external platform - ask on the call,C,,"Eight DFW clinics plus a corporate office, with a departmentalised email structure - appointments, sales, labs, marketing, orders - implying real back-office volume",A Beauty Boost loyalty programme plus financing
145,C,US,"Fort Worth + Weatherford, TX",Plastic surgery,Fort Worth Plastic Surgery & MedSpa,Dr. Robert G. Anderson and Dr. Tony Daniels,fortworthplasticsurgery.com,info@fwpsc.com,817.810.0770,email published,read off their own page - verified 24 Sep 2026,Plastic surgery,,They charge $150 for a consultation and hold Allergan Top 10 Provider status - so the people who paid for a custom plan and never booked it are both qualified and already sold on the practice,,New,2026-09-24,,Draft aged-leads intro,2026-09-24,Jess,"Email read off fortworthplasticsurgery.com/contact/ on 24 Sep 2026 | Graded C: own-domain booking form, no platform provable",C,,"Two locations, two surgeons plus seven named medspa staff, and Allergan Top 10 Provider status","A paid consultation at $150, described as a valuable part of creating a custom treatment plan"
146,A,US,"Austin + San Antonio x2, TX",Med spa / aesthetics,The Injection Room,not found - injectors named individually,theinjectionroom.com,info@theinjectionroom.com,(512) 330-4535,email published,read off their own page - verified 24 Sep 2026,Med spa / aesthetics,,"Three locations on one Boulevard instance, with a recurring Toxin Thursday discount pulling people in - which means the database is full of people who came once for the offer and were never asked back at full price",,New,2026-09-24,,Draft aged-leads intro,2026-09-24,Jess,Email read off theinjectionroom.com/locations/austin on 24 Sep 2026 | Also infoaustin@,A,Boulevard,"Three locations with five or more named injectors and per-location email desks, all on a single Boulevard instance","CareCredit at 0% plus published payment plans, and a recurring Toxin Thursday discount funnel"
147,C,US,"Austin, TX",Med spa / aesthetics,Glo Med Spa,Dr. David Sneed DO (Medical Director); Sherry Salehi (Owner),glomedspaaustin.com,info.glomedspaaustin@gmail.com,,email published,read off their own page - verified 24 Sep 2026,Med spa / aesthetics,,"They run a monthly membership and a VIP programme alongside gift cards and two separate financing lines - four different ways someone enters the list, and no sign anything pulls them back",,New,2026-09-24,,Draft aged-leads intro,2026-09-24,Jess,"Email read off glomedspaaustin.com on 24 Sep 2026 | Graded C: no booking platform provable, and the contact address is a Gmail, which reads smaller than the staff list suggests",C,,"Five named staff including a medical director, a lead injector and two estheticians, with a monthly membership and two financing lines","A monthly membership plus a VIP programme, gift cards through The Gift Card Cafe, and both Cherry and CareCredit"
148,B,US,"Houston (Downtown + Champions), TX",Med spa / aesthetics,Houstons Medspa + Wellness (HTX MD Spa),not found,htxmdspa.com,help@htxmdspa.com,(832) 835-2545,email published,read off their own page - verified 24 Sep 2026,Med spa / aesthetics,,"Two locations running on two separate Vagaro accounts, with three membership tiers across them - so a member at one site is invisible at the other",,New,2026-09-24,,Draft aged-leads intro,2026-09-24,Jess,Email read off htxmdspa.com on 24 Sep 2026 | No named doctor - graded B,B,Vagaro,"Two Houston locations booking on two separate Vagaro accounts, with three membership tiers and Cherry financing","Three named memberships - VIB, Lavish and Express - plus Cherry"
149,B,US,"Houston (Energy Corridor), TX",Med spa / aesthetics,Aesthetica MD Med Spa,not found,aestheticamdmedspa.com,info@aestheticamdmedspa.com,,email published,read off their own page - verified 24 Sep 2026,Med spa / aesthetics,,"Their memberships run at $99, $299 and $499 a month priced purely by treatment count - so a lapsed member is a known monthly value, which makes the case for going back to them very easy to put",,New,2026-09-24,,Draft aged-leads intro,2026-09-24,Jess,"Email read off aestheticamdmedspa.com on 24 Sep 2026 | Single site, no named providers - clears the bar on memberships and financing only",B,Vagaro,"Single location with a three-tier membership ladder to $499 a month and Cherry financing. Scale is the weak point - one site, no named providers","Memberships at $99, $299 and $499 a month, priced by number of monthly treatments"
150,B,US,"Atlanta (Howell Mill Rd), GA",Med spa / aesthetics,SLM Medspa,not found,slmmedspa.com,info@slmmedspa.com,678.820.1020,email published,read off their own page - verified 24 Sep 2026,Med spa / aesthetics,,"Three membership tiers running on Vagaro, which means the lapsed ones are already sorted by how much they used to spend",,New,2026-09-24,,Draft aged-leads intro,2026-09-24,Jess,Email read off slmmedspa.com on 24 Sep 2026 | Single site - clears the bar on memberships alone,B,Vagaro,Single location with a three-tier membership and a full injectables menu. Scale is the weak point,"Gold, Diamond and Platinum membership tiers offering priority booking and discounts on premium services"
151,B,US,"Sandy Springs (Atlanta), GA",Med spa / aesthetics,Skin Social Med Spa,not found,skinsocialspa.com,info@skinsocialspa.com,(470) 823-7842,email published,read off their own page - verified 24 Sep 2026,Med spa / aesthetics,,"Their membership banks five Botox units a month up to a thirty-unit cap, and those units expire after six months if they go unused - so there is a dated list of members about to lose something they already paid for",,New,2026-09-24,,Draft aged-leads intro,2026-09-24,Jess,"Email read off skinsocialspa.com/membership/ on 24 Sep 2026 | Thin on scale but the single most concrete dormant-lead artefact found anywhere - if only one goes out, send this one",B,GoHighLevel / LeadConnector,"Single location, no named providers. Weakest on scale of the US batch - clears the bar on the membership alone","The best dormant signal found in any sweep: a $100 a month membership with a Botox Bank that adds 5 units monthly up to a 30-unit cap, expiring after six months if unused. A literal, dated, expiring balance sitting in their CRM"
152,A,US,"Phoenix & Scottsdale, AZ (4 sites)",Med spa / aesthetics,MDSkin Lounge,"Dr Bryan Gawley, board-certified plastic surgeon, founder",mdskinlounge.com,info@mdskinlounge.com,833.640.2486,email published,read off their own page - verified 24 Sep 2026,Med spa / aesthetics,,They run two priced memberships at $175 and $275 a month and a separate loyalty programme on top - three overlapping lists of people who were paying them regularly and may have stopped,,New,2026-09-24,,Draft aged-leads intro,2026-09-24,Jess,Email read off mdskinlounge.com on 24 Sep 2026,A,Zenoti,"Four locations, plastic-surgeon founded, full injectable and laser menu","Two paid membership tiers, SkinClub Essential at $175 and VIP at $275 a month, plus a separate standalone loyalty programme, gift cards and financing"
153,A,US,"Orange County + North County San Diego, CA (3 sites)",Med spa / aesthetics,The Med Lounge,not found,themedlounge.com,ladera@themedlounge.com,(949) 210-3420,email published,read off their own page - verified 24 Sep 2026,Med spa / aesthetics,,"They run one Aesthetic Record instance across three clinics in two different metros with a shared loyalty membership - so the whole lapsed-member list is already in one place, just unworked",,New,2026-09-24,,Draft aged-leads intro,2026-09-24,Jess,Email read off themedlounge.com/contact-us/ on 24 Sep 2026 | Also cdm@ and rsf@,A,Aesthetic Record,"Three clinics spanning two metros, with injectables, body contouring, weight loss and hormone therapy programmes","A named Loyalty Memberships programme plus Cherry and PatientFi financing, and a 20% new-patient offer"
154,A,US,"Del Mar / San Diego, CA",Med spa / aesthetics,Coastal Medical Aesthetics,"Dr Steve Yoelin MD, Medical Director",coastalmedi.com,info@coastalmedi.com,(858) 705-4489,email published,read off their own page - verified 24 Sep 2026,Med spa / aesthetics,,Coastal Club members bank $99 a month in credit that rolls over and expires twelve months after banking - so there is a literal pool of unspent money with a date on it sitting in their system,,New,2026-09-24,,Draft aged-leads intro,2026-09-24,Jess,Email read off coastalmedi.com/about-us/ on 24 Sep 2026,A,Zenoti,"Four locations, a team of registered nurses, nurse practitioners and physicians, claiming 500,000+ units of Botox injected and 10,000+ treatments",The Coastal Club at $99 a month where the fee is banked - it rolls over each month and does not expire until twelve months after banking - plus Zenoti gift cards and a $75 mailing-list lead magnet
155,A,US,"Las Vegas, NV",Med spa / aesthetics,White Coat Aesthetics,"Amanda Ralph MSN APRN NP-C, founder and medical director",whitecoataesthetics.com,info@whitecoataesthetics.com,(702) 919-0017,email published,read off their own page - verified 24 Sep 2026,Med spa / aesthetics,,"Their VIP members get a twelve-month treatment plan written for them - which means somebody has already documented exactly what each of those people was going to buy, and when",,New,2026-09-24,,Draft aged-leads intro,2026-09-24,Jess,Email read off whitecoataesthetics.com/memberships/ on 24 Sep 2026,A,Aesthetic Record,"Thirteen named staff - three nurse-practitioner injectors, four aestheticians and laser techs, a medical assistant, four front-desk staff and a marketing manager","A VIP membership with its own pricing menu, gift cards, and a complimentary facial balancing consult valued at $75 plus a free twelve-month treatment plan for members"
156,A,US,"Scottsdale, AZ",Plastic surgery,Rejuvent Medical Spa & Surgery,Dr Kelly Bomer MD (with Dr James Bouzoukis MD),rejuvent.com,info@rejuvent.com,480-889-8880,email published,read off their own page - verified 24 Sep 2026,Plastic surgery,,"Their Aspire points redeem in $20 blocks against the next injection appointment - so every lapsed patient is sitting on credit that only converts if they come back, and nobody is telling them",,New,2026-09-24,,Draft aged-leads intro,2026-09-24,Jess,Email read off rejuvent.com/contact-us/ on 24 Sep 2026,A,Nextech,"Two named physicians plus support staff, combining facial plastic surgery and a medical spa at one address","Aspire Galderma Rewards - points per visit redeemable in $20 blocks against the next injection appointment, plus a $20 signup certificate and complimentary consultations"
157,A,US,"Scottsdale, AZ (2 sites)",Med spa / aesthetics,Plastics Medspa,"Dr Derek Lamb (with Lizeth Lambo, co-founder)",plasticsmedspa.com,concierge@plasticsmedspa.com,(480) 931-3008,email published,read off their own page - verified 24 Sep 2026,Med spa / aesthetics,,"Their membership runs on a dedicated RepeatMD app, and RepeatMD is a prepaid-credit platform - so the unredeemed member credit is already itemised, it just needs someone to act on it",,New,2026-09-24,,Draft aged-leads intro,2026-09-24,Jess,Email read off plasticsmedspa.com/contact/ on 24 Sep 2026,A,RepeatMD,"Two Scottsdale locations, surgeon-led, with body contouring, facial and skincare menus","A membership run on its own RepeatMD app instance, plus payment plans"
158,A,US,"Bellevue & Kirkland, WA",Plastic surgery,Newvue Medical,"George G. Min MD, plastic and reconstructive surgeon",newvuemedical.com,info@newvueplasticsurgery.com,(425) 463-9883,email published,read off their own page - verified 24 Sep 2026,Plastic surgery,,"They already run GoHighLevel on their own subdomain for lead capture, and offer Cherry approvals up to $50,000 with no hard credit check - so there is a list of people cleared to spend serious money who never booked",,New,2026-09-24,,Draft aged-leads intro,2026-09-24,Jess,"Email read off newvuemedical.com/contact-us/ on 24 Sep 2026 | BEST TECHNICAL FIT FOUND: they already run GoHighLevel, the same stack as Monkey Joe s and Schoeman Clinic, so the no-migration line is literally true here. Open the US batch with them",A,GoHighLevel / LeadConnector,"Two locations - a plastic surgery centre in Bellevue and a dermatology, aesthetics and wellness clinic in Kirkland - with surgical and non-surgical menus, led by a surgeon of 20+ years and repeat Seattle Magazine Top Doctor","Cherry financing with approvals up to $50,000 and no hard credit check, plus CareCredit, both with live apply links - a financing-qualified, never-booked pool"
159,A,US,"West Seattle & Kirkland, WA",Med spa / aesthetics,Glow Medispa,Dr Kate Dee MD (with Dr Otto and Heather ARNP),glowspaseattle.com,info@glowspaseattle.com,(206) 228-7281,email published,read off their own page - verified 24 Sep 2026,Med spa / aesthetics,,They still carry three closed legacy membership tiers for people who joined before the current one launched - that is a ready-made cohort of long-standing members nobody has spoken to in years,,New,2026-09-24,,Draft aged-leads intro,2026-09-24,Jess,Email read off glowspaseattle.com on 24 Sep 2026 | Also kirkland@,A,Zenoti,"Two clinics with three named practitioners including an MD and an ARNP, and a full injectable, laser and device menu","Glow Plus at $99 a month where the $99 is deposited into the member account for future treatments, plus three legacy tiers - VIP 20, VIP 60 and VIP 100 - closed to new members but still live for existing ones, plus Zenoti gift cards"
160,A,US,"Los Angeles + Orange County, CA (5 sites)",Med spa / aesthetics,Deluxe Med Spa,not found,deluxemedspa.com,concierge@deluxemedspa.com,(213) 900-9777,email published,read off their own page - verified 24 Sep 2026,Med spa / aesthetics,,Five locations run off a single Zenoti tenant and every one funnels new leads through a complimentary skin assessment - so years of free consults across two metros are pooled in one system,,New,2026-09-24,,Draft aged-leads intro,2026-09-24,Jess,Email read off deluxemedspa.com/locations/ on 24 Sep 2026,A,Zenoti,"Five Southern California locations across two metros on one Zenoti tenant, each with its own location ID",A free-consult funnel - Book Your Complimentary Skin Assessment runs as the primary call to action across all five locations
161,B,US,"Newport Beach, CA",Med spa / aesthetics,AOB Aesthetics,"Vinson DiSanto MD, Medical Director",aobaesthetics.com,support@aobaesthetics.com,(949) 658-3169,email published,read off their own page - verified 24 Sep 2026,Med spa / aesthetics,,"They sell gift cards through Boulevard own commerce, which means the unredeemed balances are already itemised in the same system as the bookings",,New,2026-09-24,,Draft aged-leads intro,2026-09-24,Jess,Email read off aobaesthetics.com on 24 Sep 2026 | Single site - graded B,B,Boulevard,"Physician-led single site with peptide therapy, CO2 laser, injectables and a wellness menu, on Boulevard with commerce enabled","Boulevard-hosted gift cards, payment plans, new-patient specials and a free consultation as the main call to action"
162,B,US,"Bellevue, WA",Med spa / aesthetics,The Clinic Medspa,not found,theclinicmedspa.com,info@theclinicmedspa.com,206.350.7202,email published,read off their own page - verified 24 Sep 2026,Med spa / aesthetics,,"They trade Wednesday through Sunday including both weekend days, which is a volume pattern, and run a membership on Aesthetic Record alongside it",,New,2026-09-24,,Draft aged-leads intro,2026-09-24,Jess,Email read off theclinicmedspa.com on 24 Sep 2026 | Practitioner count could not be confirmed - make that the first discovery question,B,Aesthetic Record,"Full medical menu - Botox, fillers, Kybella, PRP, AquaGold, Sculptra, Lumecca, Morpheus8 - open Wednesday to Sunday including both weekend days, which implies real appointment volume",A membership programme plus a newsletter and list signup
163,B,US,"Las Vegas, NV",Med spa / aesthetics,Beauty Factory MedSpa,not found,beautyfactorymedspa.com,info@beautyfactorymedspa.com,(702) 352-3560,email published,read off their own page - verified 24 Sep 2026,Med spa / aesthetics,,"Their Self-Care Club runs five tiers from $149 to $350 a month - five different price points of lapsed member, each one telling you exactly what they used to spend",,New,2026-09-24,,Draft aged-leads intro,2026-09-24,Jess,Email read off beautyfactorymedspa.com on 24 Sep 2026 | Site lists SF and LA but those entries carry placeholder text - treat as one live Las Vegas site,B,SpaTime (Book4Time),"Five priced membership tiers, seven-day trading, a full device menu (Morpheus8, Ultherapy, Lumecca) plus injectables","A five-tier Self-Care Club from $149 to $350 a month giving 20% off products and aesthetic services and 10% off injectables, plus gift cards and prepaid plans"
164,C,US,"Beverly Hills, CA",Plastic surgery,Beverly Hills Plastic Surgery Group,"Dr Payman Danielpour (with Dr John Layke, Dr Kam Rezzadeh, Dr Joseph Loewenbein)",beverlyhillsplasticsurgerygroup.com,info@bhpsg.com,(310) 275-6600,email published,read off their own page - verified 24 Sep 2026,Plastic surgery,,"Four board-certified surgeons operating from one suite with a dedicated Cherry payment-plan page - so the people who applied for finance and never went ahead are a known, named list",,New,2026-09-24,,Draft aged-leads intro,2026-09-24,Jess,"Email read off beverlyhillsplasticsurgerygroup.com/contact/ on 24 Sep 2026 | Graded C: Schedule a Consultation resolves only to an on-page modal, no booking platform provable",C,,"Four named board-certified surgeons at one Bedford Drive address, a surgical menu plus a med spa arm, and a large social following",A dedicated Cherry payment plan page - financing applicants who never converted to surgery
165,C,US,"Scottsdale, AZ",Plastic surgery,Guerra Plastic Surgery Center,Aldo Guerra MD FACS (with Scott Ogley MD),guerramedspa.com,contact@myfaceandbody.com,(480) 571-7625,email published,read off their own page - verified 24 Sep 2026,Plastic surgery,,"They charge a $25 scheduling fee on non-surgical procedures and require a card on file to book - which means every no-show and lapsed booking is already a paying, identified record",,New,2026-09-24,,Draft aged-leads intro,2026-09-24,Jess,"Email read off guerramedspa.com/contact/ on 24 Sep 2026 | Graded C: appointments run through an on-site form, no platform provable",C,,"Two named surgeons with surgical and medspa arms serving the whole Phoenix metro, requiring a credit card on file for every appointment","Three overlapping schemes - a Medspa VIP Membership with tiers, Alle rewards and Aspire rewards - plus a $25 scheduling fee on every non-surgical procedure"
166,C,US,"Las Vegas, NV",Med spa / aesthetics,The Look Med Spa,not found - seven named providers,thelookmedspalv.com,info@thelookmedspalv.com,1.702.246.2238,email published,read off their own page - verified 24 Sep 2026,Med spa / aesthetics,,"Their Neurotoxin Club sells four prepaid treatments that expire twelve months from purchase, and the Glow & Restore Bundle prepays a full year at $3,500 - both leave dated, unredeemed balances",,New,2026-09-24,,Draft aged-leads intro,2026-09-24,Jess,Email read off thelookmedspalv.com on 24 Sep 2026 | Graded C: their own Book Now goes to a request form that says it does not guarantee an appointment. A Fresha listing exists but is not provably their live system,C,,"Seven named providers with 40+ years combined experience, claiming top 1% of US medical spas on Allergan and Galderma rankings and 80% patient retention","Prepaid annual packages that expire - a Glow & Restore Bundle at $3,500 a year and a Neurotoxin Club at $2,000 for four treatments to be used within twelve months of purchase - plus hormone memberships at $255 and $275 a month"
167,C,US,"Studio City, Los Angeles, CA",Med spa / aesthetics,My Botox LA Med Spa,"Dr James Kojian, Medical Director and owner",mybotoxla.com,info@mybotoxla.com,(818) 850-3345,email published,read off their own page - verified 24 Sep 2026,Med spa / aesthetics,,They charge $150 for a first consultation and credit it against same-day treatment only - so anyone who consulted and went away to think about it paid $150 and never got it back,,New,2026-09-24,,Draft aged-leads intro,2026-09-24,Jess,"Email read off mybotoxla.com on 24 Sep 2026 | Graded C: every Book Now resolves to their own contact page, no platform provable",C,,"Four named clinical staff - an MD medical director, a master aesthetic PA of 14 years, an RN clinic manager and a licensed esthetician of 15 years - with a face, body, hair and skin menu including CoolSculpting and PRP","A $150 first-time consultation fee applied toward same-day treatment only, explicitly non-refundable on no-shows - a redeemable-consult funnel"
168,A,US,"New York, NY (Chelsea + Flushing)",Med spa / aesthetics,Glamoi Med Spa,"Dr Back K. Kim MD, Medical Director",glamoi.com,hello@glamoi.com,(212) 433-4526,email published,read off their own page - verified 24 Sep 2026,Med spa / aesthetics,,Their $99 membership explicitly lets members bank credits toward bigger procedures instead of using the monthly service - so there is a pot of saved-up credit sitting there waiting on a decision nobody is prompting,,New,2026-09-24,,Draft aged-leads intro,2026-09-24,Jess,Email read off glamoi.com/membership/ on 24 Sep 2026,A,AestheticsPro,"Two locations, three named clinical staff including a medical director, a full injectable, laser and IV menu, and their own client billing portal","A $99 a month Glamoi Membership Club with bankable credits that roll toward larger procedures, plus an invite-only VIP tier with lifetime discounts"
169,A,US,New York NY (5 sites) + Dallas,Med spa / aesthetics,UPKEEP Med Spa,not found - seven named injectors,upkeepmedspa.com,info@upkeepmedspa.com,(833) 875-3377,email published,read off their own page - verified 24 Sep 2026,Med spa / aesthetics,,"They have run complimentary consultations across seven locations since 2019, all on one Boulevard instance - that is six years of people who came in for a free opinion and never booked, in a single database",,New,2026-09-24,,Draft aged-leads intro,2026-09-24,Jess,Email read off upkeepmedspa.com on 24 Sep 2026,A,Boulevard,"Seven locations across two metros on one shared Boulevard instance, with seven or more named providers",Complimentary consultations across all seven sites plus gift cards and financing - a free-consult funnel running since 2019 across seven sites
170,A,US,"New York, NY (4 sites) + Miami",Med spa / aesthetics,SKINNEY Medspa,"Dr Carlos Rodriguez MD, Medical Director",skinneymedspa.com,customerservice@skinneymedspa.com,212-754-6639,email published,read off their own page - verified 24 Sep 2026,Med spa / aesthetics,,"They carry three separate finance providers at 0% and run different booking funnels for new and existing clients - which means they already know the two groups behave differently, and the pre-approved non-starters are a list of their own",,New,2026-09-24,,Draft aged-leads intro,2026-09-24,Jess,Email read off skinneymedspa.com/contact-us/ on 24 Sep 2026,A,Boulevard,"Five locations including two department-store sites, five or more named clinical staff, and separate booking flows for new versus existing clients","Memberships plus gift cards plus three financing providers - Cherry, CareCredit and Alphaeon at 0% APR. Three lenders means a long tail of people pre-approved who never proceeded"
171,A,US,New York NY (3 sites) + West Hartford CT,Plastic surgery,BeautyFix MedSpa,"Steve R. Fallek MD, Surgical Director (ABPS and ABS)",beautyfixmedspa.com,customerservice@beautyfixmedspa.com,(212) 366-4787,email published,read off their own page - verified 24 Sep 2026,Plastic surgery,,"They list six different finance partners on one page, which is a practice that has been collecting finance applications for years - and every abandoned application is someone who wanted a procedure badly enough to apply for credit",,New,2026-09-24,,Draft aged-leads intro,2026-09-24,Jess,"Email read off beautyfixmedspa.com/pages/financing on 24 Sep 2026 | They run GoHighLevel, the same stack as Monkey Joe s and Schoeman Clinic - easiest integration story in the Northeast",A,GoHighLevel / LeadConnector,Five locations across three states with a board-certified surgical director and a full surgical and injectable menu,"Six separate financing providers - Cherry as preferred partner, plus Alphaeon, United Medical Credit, CareCredit, Affirm and Zip - alongside gift certificates and memberships"
172,A,US,Norwood NJ + Warwick NY,Med spa / aesthetics,Bare Aesthetic MedSpa,"Vanessa Coppola APN-C FNP-BC (Founder); Dr Peter Coppola MD (Medical Director, 34+ yrs)",getbare.com,wecare@getbare.com,201-564-7521,email published,read off their own page - verified 24 Sep 2026,Med spa / aesthetics,,"They run a 20% off first treatment email opt-in alongside a separate free-consultation booking - so the mailing list and the consult pool are two different aging lists, and neither is being worked",,New,2026-09-24,,Draft aged-leads intro,2026-09-24,Jess,Email read off getbare.com/contact/ on 24 Sep 2026,A,Acuity Scheduling,"Two open locations plus a third in build, four named clinical staff including a founder-injector and a medical director","Four separate pools - The Bare Standard membership, Square gift cards, two financing lenders (PatientFi and Cherry), and a free consultation funnel - plus an email opt-in offering 20% off a first treatment"
173,B,US,"Jersey City, NJ",Med spa / aesthetics,Urban Aesthetic Med Spa,"Haroon Chaudhry MD, Medical Director",urbanaestheticmedspa.com,info@urbanaestheticmedspa.com,(201) 731-4000,email published,read off their own page - verified 24 Sep 2026,Med spa / aesthetics,,"They run free consultations in two formats, in person and virtual, through an Aesthetic Record portal - and virtual consults are exactly the ones that drift, because nobody ever walked through the door",,New,2026-09-24,,Draft aged-leads intro,2026-09-24,Jess,Email read off urbanaestheticmedspa.com on 24 Sep 2026 | Single site - weakest on scale in the Northeast batch,B,Aesthetic Record,"Single location with a named MD medical director, a full injectable and laser menu, and a real EMR with a patient portal","Complimentary consultations offered both in person and virtually - a virtual-consult funnel converts worse, so the unconverted pool is proportionally larger"
174,A,US,"Stamford + Greenwich, CT",Med spa / aesthetics,Attune Wellness Med Spa,"not found - female-led team, six named providers",attunemedspa.com,stamford@attunemedspa.com,(203) 973-7829,email published,read off their own page - verified 24 Sep 2026,Med spa / aesthetics,,"Three monthly membership tiers at $149, $199 and $249, all managed in Zenoti - which means three separate cohorts of lapsed members, each one telling you exactly what they were willing to pay",,New,2026-09-24,,Draft aged-leads intro,2026-09-24,Jess,Email read off attunemedspa.com on 24 Sep 2026 | Three per-site addresses - send to stamford@ and reference Greenwich,A,Zenoti,"Two open locations with a third opening, six named providers, and a separate virtual weight-loss programme on its own subdomain","Three membership tiers - Purify at $149, Rejuvenation at $199 and Always Attuned at $249 a month - plus Zenoti gift cards and financing"
175,A,US,"Berlin + Ridgefield + Washington Depot, CT",Med spa / aesthetics,Premier Medical Aesthetics,"Dr Kellyann Kosma and Dr Danielle Grauer, both board-certified NPs",premiermedct.com,premiermedicalaesthetics@gmail.com,(860) 499-4643,email published,read off their own page - verified 24 Sep 2026,Med spa / aesthetics,,Their VIP membership runs a Premier Wallet where unused balance carries over month to month - which means they are literally holding money for people who have stopped coming in,,New,2026-09-24,,Draft aged-leads intro,2026-09-24,Jess,Email read off premiermedct.com on 24 Sep 2026 | Sharpest single line available in the Northeast batch,A,Aesthetic Record,"Three Connecticut locations with two named board-certified practitioners, running injectables, weight loss and skincare","A three-tier VIP Membership built around a Premier Wallet with carry-over balances, plus Square gift cards with a buy-$500 promotion"
176,A,US,"Newtown + Fairfield, CT",Med spa / aesthetics,Newtown MediSpa,"Debra Sullivan PA-C, Allergan Faculty Member",newtownmedispa.com,appts@newtownmedispa.com,203-304-9725,email published,read off their own page - verified 24 Sep 2026,Med spa / aesthetics,,"They stack three of their own monthly clubs on top of Alle, ASPIRE and a RepeatMD rewards programme - six schemes, which is six sets of unclaimed points and lapsed subscriptions nobody has the time to chase",,New,2026-09-24,,Draft aged-leads intro,2026-09-24,Jess,Email read off newtownmedispa.com on 24 Sep 2026,A,TouchMD,Two Connecticut locations with an Allergan faculty-level injector and a full toxin and filler menu,"The richest stack found anywhere - six overlapping schemes: a Botox Club, a Monthly TOX Club, a Filler Monthly Club, Alle points, ASPIRE points and a RepeatMD loyalty programme with birthday perks, plus Cherry interest-free plans"
177,A,US,"New Hope / Newtown / Dresher / Newtown Square, PA",Med spa / aesthetics,La Chele Medical Aesthetics & Wellness,"Dr Lisa Espinoza MD, Medical Director and Founder",lachele.com,staff@lachelemedspa.com,855-522-4353,email published,read off their own page - verified 24 Sep 2026,Med spa / aesthetics,,"Twelve providers across four locations on one Zenoti instance, with a loyalty club that issues personalised monthly credits - so the unredeemed credit accumulates faster than anyone could work through it by hand",,New,2026-09-24,,Draft aged-leads intro,2026-09-24,Jess,Email read off lachele.com/contact/ on 24 Sep 2026 | Best-fit prospect of the Northeast batch - send first,A,Zenoti,"Four locations with twelve named providers - three MDs, four PA-Cs, three FNPs and two RNs - trading Monday to Thursday until 8pm plus both weekend days","The La Chele Loyalty Club issuing personalised monthly credits, plus Zenoti gift cards and payment plans. Monthly credit issued across twelve providers and four sites generates unredeemed balance continuously"
178,A,US,"Philadelphia (Fishtown) + Camp Hill, PA",Med spa / aesthetics,PhillyMedClub,"Dr Roozbeh Ghavami MD and Dr Wayne Raneiro MD, co-founders",phillymedclub.com,info@phillymedclub.com,(215) 770-1830,email published,read off their own page - verified 24 Sep 2026,Med spa / aesthetics,,"They run a concierge primary care membership alongside the aesthetics menu, so they already have a recurring-revenue list - and concierge memberships lapse quietly, which is the easiest kind of person to bring back",,New,2026-09-24,,Draft aged-leads intro,2026-09-24,Jess,Email read off phillymedclub.com on 24 Sep 2026,A,Boulevard,"Two locations with two co-founder MDs plus an APN partner and a licensed aesthetician, physician-led positioning","Gift cards through Boulevard, Cherry financing on a dedicated practice link, and a Concierge Primary Care programme - a recurring membership product that lapses"
179,A,US,"Newtown Square, PA (Main Line)",Med spa / aesthetics,KP Aesthetics,Kimberly Costalas RN (Founder); Steve Costalas DO (Medical Director),kpaesthetics.com,info@kpaesthetics.com,(484) 420-4094,email published,read off their own page - verified 24 Sep 2026,Med spa / aesthetics,,"They run four people on reception for a single site and three separate branded finance application links - that is a practice with more inbound than it can handle, and three lists of people who applied for credit and stopped",,New,2026-09-24,,Draft aged-leads intro,2026-09-24,Jess,Email read off kpaesthetics.com/team/ on 24 Sep 2026,A,Boulevard,"Eleven staff at one site - owner RN, medical director DO, a nurse injector, three aestheticians and four reception staff. Four front-desk staff for a single site means real appointment volume","Three financing lenders each on a dedicated practice-branded application URL - PatientFi, CareCredit and Cherry - plus Boulevard gift cards. Every one of those is an application form with abandoners behind it"
180,A,US,"Philadelphia (Callowhill), PA",Med spa / aesthetics,Skin Retreat Medspa,"Jessica, owner and provider - four providers",skinretreatmedspa.com,info@skinretreatmedspa.com,(267) 301-3535,email published,read off their own page - verified 24 Sep 2026,Med spa / aesthetics,,Both their memberships expire a year from purchase and each includes a free Sofwave worth up to $600 that members have to claim - so there is a hard deadline attached to every single name on that list,,New,2026-09-24,,Draft aged-leads intro,2026-09-24,Jess,Email read off skinretreatmedspa.com/services/ on 24 Sep 2026 | Expiring memberships give the cleanest deadline to open on,A,Mangomint,"Four providers, a Philadelphia Magazine Best of Philly listing, and a high-ticket laser, Sofwave and Aquagold menu with treatments up to $2,300","Two memberships that expire one year from purchase - Laser + Sofwave at $300 a month and Unlimited Tox at $195 - each carrying a once-yearly free Sofwave worth up to $600, plus five prepaid packs from $500 to $2,300 and Mangomint gift cards"
181,C,US,"Conshohocken, PA",Med spa / aesthetics,Forte Faces,"Sara McLaughlin MSN AGNP-C, Co-Owner and board-certified NP",fortefaces.com,info@fortefaces.com,(267) 638-5361,email published,read off their own page - verified 24 Sep 2026,Med spa / aesthetics,,They run a $50 welcome offer on a first appointment - which means every person who took it and did not come back is both identified and already discounted once,,New,2026-09-24,,Draft aged-leads intro,2026-09-24,Jess,Email read off fortefaces.com on 24 Sep 2026 | Graded C: staff count unconfirmed - verify on the first call,C,Boulevard,"Single location with one named clinical provider, though Co-Owner implies a second principal. Qualifies on memberships, PatientFi financing, Boulevard and a Best of Philly listing","Memberships plus a $50 welcome offer on a first appointment - a first-visit incentive is a lead magnet, and the people who claimed it and never returned are the list"
182,C,US,"Philadelphia (Old City), PA",Med spa / aesthetics,Yofi Med Spa,not found - no practitioner named on the site,yofiaesthetics.com,Info@yofiaesthetics.com,(267) 710-9562,email published,read off their own page - verified 24 Sep 2026,Med spa / aesthetics,,"They sell two prepaid package tiers, Elite and VIP, through Aesthetic Record - prepaid tiers that go unused are the simplest thing in the world to ring someone about",,New,2026-09-24,,Draft aged-leads intro,2026-09-24,Jess,"Email read off yofiaesthetics.com on 24 Sep 2026 | Graded C: thinnest of the Northeast batch, and no practitioner is named anywhere on the site",C,Aesthetic Record,"Single location, open six days a week. Qualifies on package pricing plus a real EMR","Elite and VIP prepaid package tiers carrying discounts on both products and procedures, sold through Aesthetic Record"
